Text,Label
if you were here you could help me move furniture,No
omg ok serious question… when are we hanging out just us,Yes
lol if you were here i’d be happier 🙃,Yes
What Time Is The Meeting Tomorrow? Lowkey Wanna Grab Coffee W You After,Yes
     we should hang sometime… just saying   😂,Yes
you’re  funny   lol,No
tbh if you were here you could help me move furniture,No
i like your perspective on this 🥲,No
nah    stop being so attractive    💀,Yes
YOU’RE A GOOD TEAMMATE,No
i like our talks,Yes
STOPPP YOU’RE MAKING ME SMILE...,Yes
omg  don’t make me laugh in public  ,No
you’re   trouble 😅,Yes
"I’M TRYING TO BE CHILL, WORK’S STRESSING ME OUT 😏",No
you’ve got good energy in meetings,No
omg  are you available for a quick call?  ,No
"i’m not flirting, i’m just being nice!",No
What’S Your Eta? 😂,No
 YOU FREE TONIGHT? JUST US 😏  ,Yes
bet Nice Work On The Presentation,No
Ngl I Miss You.. 🙏,Yes
that made my day (thanks for helping),No
ngl   what’s your ETA? ,No
I’M   Trying   To Focus But You’Re Distracting Me,Yes
tbh I’M TRYING TO FOCUS BUT YOU’RE DISTRACTING ME.. 🙂,Yes
"i like you. like, like you..",Yes
we  should hang sometime with everyone,No
i should sleep but i wanna keep talking to you,Yes
idk  DID YOU PAY THE BILL YET? ?!,No
  let me know once it’s fixed   😭,No
Thanks For Jumping On That Quickly 🙃,No
lowkey i keep thinking about you lol,Yes
"bet i like you. like, like you",Yes
   Ngl I Miss You   ✨,Yes
What Time Is The Meeting Tomorrow? ✨,No
You’Re Kinda Becoming My Favourite Notification,Yes
if you were here i’d be happier,Yes
 stop being so attractive ,Yes
i’m fine 😌 just thinking about you a bit,Yes
ngl movie night? just you + me?!,Yes
NGL I MISS YOU?!,Yes
I’M GLAD WE   TALK LIKE THIS 🙃,Yes
can you send me the slides later?,No
lmao you always message at the right time ✅,Yes
highkey    i’m trying to focus but you’re distracting me  ,Yes
your feedback was really helpful?!,No
ngl don’t make me laugh in public,No
lol  I’M Not Flirting… But   ?? 🥲,Yes
 What’S The Status On The Ticket? ,No
   Ngl I Miss You ,Yes
ok  serious   question…  when are we hanging out just us,Yes
YOU’RE DIFFERENT IN A GOOD WAY 💀,Yes
   YOU’RE FUNNY LOL ,No
great   job today,No
bruh Can You Send Me The Slides Later? 💀,No
are  you   available   for a quick call?,No
 CAN YOU REVIEW THIS PR WHEN YOU GET A CHANCE?   👀,No
you’re making this convo dangerously fun,Yes
what time is the meeting tomorrow? lowkey wanna grab coffee w you after 😏,Yes
thanks for jumping on that quickly,No
   Are You Available For A Quick Call?  ,No
idk Stoppp That’S Hilarious 🤝,No
lowkey dinner? 1 on 1 😅,Yes
     you’re making this convo dangerously fun  🙏,Yes
let me know once it’s fixed,No
please confirm the address 💀,No
can you review this PR when you get a chance?,No
fr let me know once it’s fixed 🙂,No
that’s a solid point.. 😌,No
   are you available for a quick call?    🥲,No
i should sleep but i wanna keep talking to you,Yes
APPRECIATE YOU HELPING OUT,No
  if you were here you could help me move furniture    👀,No
highkey i like your perspective on this,No
you’re   different in a good way!,Yes
i’ll  loop you   into the email 🙏,No
bruh great job today 🤝,No
sooo what time is the meeting tomorrow? lowkey wanna grab coffee w you after 🙂,Yes
ngl don’t make me catch feelings,Yes
i’m  fine 😌 just thinking about you a bit,Yes
did you finish the report? also i kinda miss talking to you,Yes
movie night? just you + me?!,Yes
stop being so attractive,Yes
WHAT’S THE STATUS ON THE TICKET? 😭,No
what’s   your ETA??!,No
YOU’RE KINDA BECOMING MY FAVOURITE NOTIFICATION,Yes
nah LET ME KNOW ONCE IT’S FIXED 🙏,No
lowkey you  always  message  at the right time,Yes
don’t make me laugh in public,No
you handled that well 😭,No
We Should Hang Sometime With Everyone,No
 Send Me The File Later Pls… Btw You Looked Really Good Today   👍,Yes
 ok you’re   kinda cute but whatever ,Yes
 i feel really comfortable with you  ??,Yes
why you so cute tho,Yes
YOUR FEEDBACK WAS REALLY HELPFUL,No
bruh can you send me the slides later?,No
"idk  GOOD DISCUSSION EARLIER, THANKS    🙂",No
i’m trying to focus but you’re distracting me,Yes
what time is the meeting tomorrow?,No
Ngl I Miss You,Yes
You’Re Trouble 😅... 🤝,Yes
You Explain Things Clearly,No
CAN YOU REVIEW THIS PR WHEN YOU GET A CHANCE??!,No
"tbh     Thanks For Helping Earlier, I Owe You Dinner Sometime 😏  😅",Yes
lmao that made my day (thanks for helping),No
THAT MADE MY DAY (THANKS FOR HELPING) 🤝,No
lol you free tonight? just us 😏,Yes
Dinner? 1 on 1,YES
busy tonight but if you’re free i can make time!,Yes
  Send Me The File Later Pls… Btw You Looked Really Good Today  ,Yes
nah LET ME KNOW ONCE IT’S FIXED 👀,No
THIS IS RANDOM BUT I’M HAPPY WE’RE TALKING ✨,Yes
"   good discussion earlier, thanks    😌",No
STOP BEING SO ATTRACTIVE?? 💀,Yes
stoppp   that’s  hilarious ✅,No
fr YOU MAKE MY DAY FEEL LIGHTER 😂,Yes
you’re kinda becoming my favourite notification,Yes
are you available for a quick call?,No
     i wish you were here rn  ,Yes
    i’m glad we talk like this   🥲,Yes
 i’ll loop you into the email ,No
PLEASE SUBMIT THE FORM BY FRIDAY,No
idk    I’LL LOOP YOU INTO THE EMAIL  🤝,No
   don’t make me catch feelings  ,Yes
highkey    you explain things clearly ! 😭,No
you’re trouble 😅,Yes
i wish you were here rn,Yes
lowkey can you review this PR when you get a chance?!,No
Can You Send Me The Slides Later?,No
good   thinking ✨,No
i   keep   thinking   about you lol,Yes
nice work on the presentation??,No
"i like you. like, like you",Yes
"bet    I’M Not Flirting, I’M Just Being Nice  ✨",No
 you handled that well    😭,No
omg YOU’VE GOT GOOD ENERGY IN MEETINGS,No
i’m not flirting… but 😅,Yes
lmao  you’re kinda  becoming my favourite notification   ! ✅,Yes
LET ME KNOW ONCE IT’S FIXED 😌,No
nah you explain   things  clearly,No
can you send me the slides later?,No
stop being so attractive,Yes
"thanks   for  helping earlier, i owe you dinner sometime 😏",Yes
"lol   good discussion earlier, thanks   ",No
you’re easy to work with 🤝,No
"   I’M   Not Flirting, I’M Just Being Nice   ",No
ngl  GOOD THINKING   😭,No
 busy tonight but if you’re free i can make time  !,Yes
sooo   I Didn’T Expect To Enjoy This Convo So Much ,Yes
let me know once it’s fixed,No
come   over   if you want 👀.. 😏,Yes
did you finish the report? also i kinda miss talking to you?!,Yes
ngl    you’re trouble 😅  ,Yes
you’re different in a good way 🙂,Yes
you’re really reliable 😭,No
ngl i miss you 🤝,Yes
you explain things clearly,No
omg good thinking,No
lmao  can you send me the slides later?  !,No
can you send me the slides later? 😏,No
omg you’re a good teammate 😅,No
You’Re Making This Convo Dangerously Fun,Yes
You  Make My Day Feel Lighter ✨,Yes
don’t make me catch feelings,Yes
i’m fine 😌 just thinking about you a bit?!,Yes
I KEEP THINKING ABOUT YOU LOL ✅,Yes
 What’S The Status On The Ticket?  ,No
   good thinking ..,No
I’Ll Loop You Into The Email,No
  thanks for the update    😏,No
I’LL LOOP YOU INTO THE EMAIL,No
what’s your ETA?,No
"i’m not flirting, i’m just being nice",No
kinda you always message at the right time 😂,Yes
lmao      let me know once it’s fixed  ,No
i’ll loop you into the email 👍,No
   YOU’RE MAKING THIS CONVO DANGEROUSLY FUN   ,Yes
kinda     movie night? just you + me  ,Yes
Can You Send Me The Slides Later? 😅,No
  can you send me the slides later?  ?!,No
sooo you’re kinda becoming my favourite notification,Yes
I   WISH  YOU WERE HERE RN?!,Yes
you’re trouble 😅..,Yes
  you handled that well   ,No
Are You Available For A Quick Call? 🙃,No
I Feel Really Comfortable With You 🙂,Yes
omg let   me know once it’s fixed,No
i’ll loop you into the email,No
 CAN YOU SEND ME THE SLIDES LATER?   ✨,No
can you review this PR when you get a chance?!,No
 busy tonight but if you’re free i can make time  ,Yes
"i’m trying to be chill, work’s stressing me out",No
"lowkey i like you. like, like you 🙏",Yes
lowkey YOU’RE FUNNY LOL,No
   LET   ME KNOW ONCE IT’S FIXED  ,No
"i like   you. like, like you..",Yes
You’Ve Got Good Energy In Meetings,No
if you were here you could help me move furniture,No
  NICE WORK ON THE PRESENTATION ?!,No
please submit the form by friday 👍,No
what’s the status on the ticket? 😌,No
  if you were here you could help me move furniture ,No
I’M Trying To Be Chill But You’Re Making It Hard 😅,Yes
thanks for the update,No
i’m not flirting… but,Yes
Are You Available For A Quick Call? 😭,No
great job today...,No
I   Should  Sleep  But I Wanna Keep Talking To You??,Yes
nah     you’re making this convo dangerously fun  ,Yes
ngl i didn’t expect to enjoy this convo so much,Yes
tbh i didn’t expect to enjoy this convo so much,Yes
NICE WORK ON THE PRESENTATION,No
busy tonight but if you’re free i can make time,Yes
that’s a solid point 😭,No
bruh   i keep thinking about you lol ,Yes
please confirm the address?! 🥲,No
DON’T MAKE ME LAUGH IN PUBLIC??,No
  what’s your ETA?   ?!,No
   can you send me the slides later? ?? 🥲,No
did you finish the report? also i kinda miss talking to you,Yes
please submit the form by friday..,No
please  confirm the  address 😂,No
THANKS FOR THE UPDATE,No
thanks   for  jumping   on that quickly,No
   please submit the form by friday  ,No
nah YOU’RE KINDA BECOMING MY FAVOURITE NOTIFICATION 🙏,Yes
"lowkey i like you. like, like you",Yes
 Did You Pay The Bill Yet?  ,No
idk i like your perspective on this,No
thanks for the update,No
are  you   available   for a quick call? 🙏,No
Busy Tonight But If You’Re Free I Can Make Time,Yes
you explain things clearly?? 🙃,No
what’s the status on the ticket?,No
you’re a good teammate 🙂,No
kinda what’s the status on the ticket???,No
CAN YOU REVIEW THIS PR WHEN YOU GET A CHANCE?,No
tbh    it’s nice talking to you   ,Yes
appreciate  you helping out?!,No
"Thanks For Helping Earlier, I Owe You Dinner Sometime 😏",Yes
If You Were Here I’D Be Happier 👀,Yes
Thanks For The Update 🥲,No
i feel really comfortable with you,Yes
Did You Pay The Bill Yet? 🙂,No
 please confirm the address  ,No
nah you’re easy to work with,No
highkey please submit the form by friday! ✅,No
   Why You So Cute Tho ,Yes
I’LL   LOOP YOU INTO THE EMAIL,No
are you available for a quick call?... 👍,No
GOOD THINKING,No
   I’M FINE 😌 JUST THINKING ABOUT YOU A BIT ...,Yes
tbh  i should sleep but i wanna keep talking to you ,Yes
   you’re different in a good way   ,Yes
This Is Random But I’M Happy We’Re Talking,Yes
can you send me the slides later?,No
i like your perspective on this 😏,No
don’t make me laugh in public ✅,No
CAN YOU SEND ME THE SLIDES LATER?...,No
   don’t make me catch feelings  ,Yes
lmao i wish you were here rn,Yes
nah did you pay the bill yet?,No
   I KEEP THINKING ABOUT YOU LOL   😭,Yes
ok you’re kinda cute but whatever,Yes
you’re easy to work with!,No
  Let Me Know Once It’S Fixed ,No
lowkey    thanks  for jumping on that quickly  .. 😅,No
 that’s a solid point ,No
"kinda I LIKE  YOU.   LIKE, LIKE YOU...",Yes
sooo    did you finish the report? also i kinda miss talking to you   ,Yes
please confirm the address..,No
Let Me   Know  Once It’S Fixed,No
Please Confirm The Address,No
I WISH YOU WERE HERE RN,Yes
Good Thinking,No
"good discussion earlier, thanks",No
you’re easy to work with 🤝,No
   You’Re Different In A Good Way    😭,Yes
that’s a solid point 😌,No
 you’re kinda becoming my favourite notification  😂,Yes
movie night? just you + me 🙂,Yes
 did you pay the bill yet? ,No
 you always message at the right time   .. 🙂,Yes
you’re a good teammate 💀,No
Stoppp You’Re Making Me Smile!,Yes
 ngl i miss you  👍,Yes
  i   wish you were here rn  ,Yes
lol DON’T MAKE   ME CATCH FEELINGS,Yes
"thanks  for   helping   earlier, i owe you dinner sometime 😏",Yes
i wish you were here rn,Yes
ok serious question… when are we hanging out just us,Yes
I’Ll   Loop  You Into The Email,No
IF YOU WERE HERE YOU COULD HELP ME MOVE FURNITURE,No
dinner? 1 on 1,Yes
I’Ll Loop  You Into The Email,No
stoppp  that’s  hilarious,No
i’ll loop you into the email,No
please confirm the address,No
lol    i keep thinking about you lol   😏,Yes
I DIDN’T EXPECT TO ENJOY THIS CONVO SO MUCH,Yes
lmao    thanks for the update ,No
If You Were Here You Could Help Me Move Furniture 😭,No
IF YOU WERE HERE YOU COULD HELP ME MOVE FURNITURE 😭,No
you’re funny lol,No
"I’M Not Flirting, I’M Just Being Nice?!",No
nah did you pay the bill yet? 🙏,No
i feel really comfortable with you,Yes
  ok you’re kinda cute but whatever ,Yes
did you finish the report? also i kinda miss talking to you.. 🙂,Yes
omg you  explain things clearly.. 🥲,No
i didn’t expect to enjoy this convo so much,Yes
i’m trying to focus but you’re distracting me?! 👀,Yes
if you were here i’d be happier,Yes
   What’S The Status On The Ticket?   !,No
  YOU’RE KINDA BECOMING MY FAVOURITE NOTIFICATION  🙃,Yes
what’s the status on the ticket?,No
kinda you free tonight? just us 😏,Yes
ngl don’t make me laugh in public??,No
sooo you’re different in a good way 💀,Yes
   I SHOULD SLEEP BUT I WANNA KEEP TALKING TO YOU ,Yes
come over if you want 👀,Yes
WHAT’S YOUR ETA?,No
WHAT’S  THE STATUS ON THE TICKET??!,No
why you so cute tho,Yes
ok you’re kinda cute but whatever ✅,Yes
i’m fine 😌 just thinking about you a bit 😂,Yes
Can You Review This Pr When You Get A Chance? 💀,No
idk Please Confirm The Address..,No
IF YOU WERE HERE YOU COULD HELP ME MOVE FURNITURE,No
Send Me The File Later Pls… Btw You Looked Really Good Today 👍,Yes
You Explain Things Clearly 😏,No
ok serious question… when are we hanging out just us,Yes
what’s your ETA?,No
i didn’t expect to enjoy this convo so much 🙏,Yes
"good discussion earlier, thanks?!",No
 I Wish You Were Here Rn   ,Yes
what’s the status on the ticket?,No
i’m trying to be chill but you’re making it hard,Yes
thanks for jumping on that quickly,No
   Dinner? 1 On 1   🙏,Yes
You’Re Kinda Becoming My Favourite Notification,Yes
highkey    NGL I MISS YOU    😂,Yes
can you review this PR when you get a chance?,No
stop being so attractive,Yes
  can you send me the slides later?   😏,No
sooo YOU’RE REALLY RELIABLE 🙂,No
STOP BEING SO ATTRACTIVE??,Yes
   you’re a good teammate !,No
please submit the form by friday,No
IF YOU WERE HERE YOU COULD HELP ME MOVE FURNITURE,No
   if you were here you could help me move furniture    👍,No
stoppp you’re making me smile,Yes
"idk   i like you. like, like you   💀",Yes
lol you’re easy to work with!,No
nah    That’S A Solid Point   ,No
 Please Confirm The Address  ,No
i  like   your perspective on this?? ✅,No
movie night? just you + me.. 👍,Yes
you’re really reliable,No
"lol thanks for helping earlier, i owe you dinner sometime 😏",Yes
kinda i’m fine 😌 just thinking about you a bit,Yes
    that made my day (thanks for helping)  ,No
"fr   i’m not flirting, i’m just being nice ",No
that made my day (thanks for helping),No
I WISH YOU WERE HERE RN 🙂,Yes
lmao Let Me Know Once It’S Fixed,No
lmao YOU’RE MAKING THIS CONVO DANGEROUSLY FUN,Yes
good thinking 🥲,No
"thanks for helping earlier, i owe you dinner sometime 😏",Yes
lowkey You Handled That Well 🤝,No
you free tonight? just us 😏,Yes
tbh i’m fine 😌 just thinking about you a bit 😏,Yes
"good discussion earlier, thanks",No
highkey let me know once it’s fixed 🙃,No
  did you finish the report? also i kinda miss talking to you    🥲,Yes
I’M Trying To Be Chill But You’Re Making It Hard,Yes
we  should hang sometime… just saying,Yes
You’Re Easy To Work With??,No
that made my day (thanks for helping),No
i like your perspective on this,No
 dinner? 1 on 1 ,Yes
THIS IS RANDOM BUT I’M HAPPY WE’RE TALKING,Yes
sooo i keep thinking about you lol,Yes
  did you finish the report? also i kinda miss talking to you    ✅,Yes
   did you finish the report? also i kinda miss talking to you  ,Yes
let me know once it’s fixed ✨,No
You’Re A Good Teammate,No
lowkey   You’Re Really Reliable   ,No
send  me the file later pls… btw you looked really good today 😌,Yes
    Please Confirm The Address  ... 🥲,No
 can you review this PR when you get a chance?   ,No
let  me know once it’s fixed,No
please  submit the  form by friday...,No
appreciate you helping out 😌,No
did you pay the bill yet?,No
   why you so cute tho ?? 🙏,Yes
Did You Finish The Report? Also I Kinda Miss Talking To You 👍,Yes
lmao Thanks For The Update ✅,No
 stop being so attractive  🙂,Yes
thanks for jumping on that quickly... 😅,No
you   handled   that well,No
  did you pay the bill yet?  😌,No
what time is the meeting tomorrow? lowkey wanna grab coffee w you after??,Yes
   YOU FREE TONIGHT? JUST US 😏   ?!,Yes
 are you available for a quick call? ,No
highkey i’m trying to focus but you’re distracting me.. 😏,Yes
did you pay the bill yet?!,No
lmao  what’s your ETA?   💀,No
lol Thanks For Jumping On That Quickly,No
stop being so attractive,Yes
  i didn’t expect to enjoy this convo so much  ,Yes
        ok serious question… when are we hanging out just us   ,Yes
bruh    I Should Sleep But I Wanna Keep Talking To You  ,Yes
THANKS FOR JUMPING ON THAT QUICKLY,No
 i feel really comfortable with you   ,Yes
you’re making this convo dangerously fun,Yes
NICE WORK ON THE PRESENTATION ✅,No
don’t make me laugh in public..,No
   YOU’RE REALLY RELIABLE  ,No
"bruh I’M NOT FLIRTING, I’M JUST BEING NICE?!",No
"  i’m trying to be chill, work’s stressing me out  .. ✅",No
movie night? just you + me 😌,Yes
thanks for the update,No
highkey if you were here i’d be happier,Yes
lmao  i keep thinking about you lol  🥲,Yes
appreciate you helping out,No
did you pay the bill yet?,No
great job today,No
if you were here you could help me move furniture?! 🥲,No
   i like your perspective on this ,No
that made my day (thanks for helping),No
i keep thinking about you lol,Yes
did you pay the bill yet?,No
bruh dinner? 1 on 1 👍,Yes
let me know once it’s fixed 🥲,No
 DINNER? 1 ON 1  ,Yes
don’t   make   me laugh in public,No
let me know once it’s fixed 👍,No
fr  thanks for the update ,No
send   me the file later pls… btw you looked really good today,Yes
THIS  IS  RANDOM BUT I’M HAPPY WE’RE TALKING!,Yes
great job today,No
can   you   send me the slides later?,No
 I’M GLAD WE TALK LIKE THIS   ?!,Yes
sooo good thinking,No
bruh   you handled that well  ?! 😂,No
tbh  i’ll loop you into the email    💀,No
tbh that’s a solid point ✅,No
     please confirm the address   !,No
Your Feedback Was Really Helpful??,No
you’ve got good energy in meetings,No
I DIDN’T EXPECT TO ENJOY THIS CONVO SO MUCH,Yes
omg You’Re Really Reliable,No
lol STOPPP THAT’S HILARIOUS ✅,No
"     i like you. like, like you ...",Yes
WHY YOU SO CUTE THO 👍,Yes
great   job today...,No
YOU’RE REALLY RELIABLE,No
thanks for the update,No
sooo Please   Confirm   The Address..,No
why you so cute tho,Yes
fr    What’S Your Eta?    💀,No
 did you finish the report? also i kinda miss talking to you  ✅,Yes
please confirm the address 🙃,No
can you review this PR when you get a chance?,No
bruh Appreciate   You  Helping Out!,No
i’m not flirting… but 😏,Yes
"THANKS  FOR HELPING EARLIER, I OWE YOU DINNER SOMETIME 😏 😏",Yes
lowkey   come over if you want 👀 ...,Yes
     you always message at the right time ,Yes
you’re  kinda   becoming my favourite notification,Yes
can  you   send   me the slides later?,No
can you send me the slides later?,No
lol    what time is the meeting tomorrow? lowkey wanna grab coffee w you after  😭,Yes
lmao i like your perspective on this,No
  CAN   YOU SEND ME THE SLIDES LATER?  ,No
i  keep thinking about you lol?!,Yes
you’re making this convo dangerously fun,Yes
please   submit   the form by friday 😂,No
   i’m glad we talk like this   ✨,Yes
"   i like you. like, like you ",Yes
what time is the meeting tomorrow?,No
WE SHOULD HANG SOMETIME WITH EVERYONE 👍,No
lowkey it’s nice talking to you 🙏,Yes
I Like Your Perspective On This,No
bruh i should sleep but i wanna keep talking to you,Yes
lowkey thanks for jumping on that quickly,No
you make my day feel lighter,Yes
lol  great job today ?? 👀,No
kinda I KEEP THINKING ABOUT YOU LOL,Yes
if you were here i’d be happier 🥲,Yes
highkey you free tonight? just us 😏,Yes
did you pay the bill yet???,No
  that made my day (thanks for helping)   ,No
bet    you free tonight? just us 😏  ,Yes
"ngl I’M Trying To Be Chill, Work’S Stressing Me Out ✅",No
YOU HANDLED THAT WELL,No
    that’s a solid point ! ✅,No
bet dinner? 1 on 1,Yes
can you review this PR when you get a chance?! 🙂,No
  let  me know once it’s fixed ,No
thanks for jumping on that quickly,No
if you were here you could help me move furniture 🙂,No
ngl i miss you 😭,Yes
if you were here you could help me move furniture,No
can you review this PR when you get a chance?..,No
STOP BEING SO ATTRACTIVE,Yes
why   you so   cute tho 😂,Yes
lol don’t make me laugh in public 🙏,No
I’Ll Loop You Into The Email,No
omg You Explain Things Clearly,No
why you so cute tho 🤝,Yes
  thanks for the update   ?!,No
bet good thinking,No
lowkey don’t make me laugh in public... 😭,No
I’Ll Loop You Into The Email,No
 if you were here you could help me move furniture  ,No
you’re funny lol,No
bruh i’m   glad we   talk like this 👀,Yes
you’re trouble 😅! 🙃,Yes
What’S Your Eta???,No
bet appreciate you helping out,No
I’Ll Loop You Into The Email 👀,No
i should sleep but i wanna keep talking to you,Yes
come over if you want 👀,Yes
you’re really reliable...,No
PLEASE CONFIRM THE ADDRESS! 😌,No
i wish you were here rn 🙃,Yes
sooo GOOD THINKING 👀,No
YOU FREE TONIGHT? JUST US 😏?! ✨,Yes
please confirm the address,No
you’re   really  reliable,No
  you’re easy to work with  ..,No
  this is random but i’m happy we’re talking   ,Yes
I WISH YOU WERE HERE RN ✅,Yes
highkey good  thinking,No
"  I’M Not Flirting, I’M Just Being Nice ",No
ngl      i  feel really comfortable with you  👍,Yes
thanks for the update,No
Are You Available For A Quick Call?..,No
you explain things clearly...,No
  You’Re Different In A Good Way  ✅,Yes
bet your feedback was really helpful,No
what time is the meeting tomorrow?,No
idk Stoppp You’Re Making Me Smile 👀,Yes
we  should hang sometime with everyone 💀,No
tbh it’s nice talking to you,Yes
please submit the form by friday 🤝,No
ngl  i   miss you,Yes
why you so cute tho,Yes
ngl i miss you,Yes
did you pay the bill yet?..,No
What’S Your Eta?...,No
I Didn’T Expect To Enjoy This Convo So Much,Yes
You’Re   Different  In  A Good Way 🥲,Yes
what’s your ETA? 🙃,No
bet we should hang sometime with everyone,No
I’M Trying To Focus But You’Re Distracting Me,Yes
  i like our talks   ✨,Yes
 i didn’t expect to enjoy this convo so much  ?! 💀,Yes
nah    ok  you’re kinda cute but whatever ,Yes
if you were here you could help me move furniture 🙏,No
  i wish you were here rn  😂,Yes
kinda    did you finish the report? also i kinda miss talking to you  ✅,Yes
let me know once it’s fixed... 🙃,No
fr you’re kinda becoming my favourite notification??,Yes
 i’ll loop you into the email    😏,No
   Did You Pay The Bill Yet?  ,No
highkey dinner? 1 on 1,Yes
You  Explain Things Clearly,No
you’re kinda becoming my favourite notification 😂,Yes
   can you send me the slides later?  ✨,No
      i’m trying to focus but you’re distracting me  ,No
what’s your ETA? 😭,No
"bet thanks for helping earlier, i owe you dinner sometime 😏",Yes
i like your perspective on this 🙃,No
come over if you want 👀,Yes
Dinner? 1 On 1 🥲,Yes
kinda    please confirm the address  😅,No
i keep thinking about you lol 🥲,Yes
nice   work   on the presentation,No
"i’m not flirting, i’m just being nice",No
 you’re funny lol  ?? 🤝,No
YOU’RE MAKING THIS CONVO DANGEROUSLY FUN,Yes
nah Can  You   Send Me The Slides Later? 😂,No
thanks for the update?? 😂,No
lol that made my day (thanks for helping),No
you free tonight? just us 😏,Yes
kinda  please submit the form by friday   ,No
i’m glad   we talk like this,Yes
"lol i like you. like, like you 😭",Yes
bruh    you explain things clearly   ,No
We Should Hang Sometime… Just Saying ✨,Yes
you’re easy to work with,No
stop being so attractive,Yes
lowkey i’m fine 😌 just thinking about you a bit,Yes
"i’m  trying to be chill, work’s stressing me out",No
let me know once it’s fixed 😂,No
Ngl I Miss You,Yes
come over if you want 👀 💀,Yes
I Wish You Were Here Rn 😭,Yes
omg it’s nice talking to you 🙂,Yes
"idk thanks for helping earlier, i owe you dinner sometime 😏 😂",Yes
I Like Your Perspective On This 🥲,No
ngl appreciate you helping out,No
what’s your ETA? 🥲,No
please submit the form by friday,No
are you available for a quick call?,No
"good discussion earlier, thanks",No
please  submit  the form by friday,No
you make my day feel lighter,Yes
you free tonight? just us 😏?? 😌,Yes
i keep thinking about you lol?! ✨,Yes
ngl    I’M TRYING TO FOCUS BUT YOU’RE DISTRACTING ME ,Yes
 i feel really comfortable with you   ,Yes
come over if you want 👀 😏,Yes
ngl  Nice Work On The Presentation  😭,No
ok  serious question…   when are we hanging out just us 💀,Yes
 did you pay the bill yet?   ! 😭,No
lmao THAT’S   A SOLID POINT 🤝,No
YOU’RE MAKING THIS CONVO DANGEROUSLY FUN,Yes
THAT’S A SOLID POINT,No
   I’M Trying To Focus But You’Re Distracting Me ,Yes
let me know once it’s fixed,No
   THAT MADE MY DAY (THANKS FOR HELPING)   ! 👍,No
Send Me The File Later Pls… Btw You Looked Really Good Today,Yes
   Thanks For The Update  😭,No
highkey i should sleep but i wanna keep talking to you 👍,Yes
sooo stop  being  so attractive 🙃,Yes
what time is the meeting tomorrow?,No
can   you review this PR when you get a chance? 🙏,No
busy tonight  but if you’re free i can make time 💀,Yes
    this is random but i’m happy we’re talking .. 😅,Yes
Great Job Today 😅,No
don’t make me catch feelings,Yes
"good discussion earlier, thanks",No
 thanks for the update   🙃,No
I  Like   Our Talks,Yes
ngl i miss you 🤝,Yes
   ngl i miss you  ,Yes
come over   if  you want 👀,Yes
you’re kinda becoming my favourite notification,Yes
"good discussion earlier, thanks",No
What Time Is The Meeting Tomorrow? 😅,No
what time is the meeting tomorrow? lowkey wanna grab coffee w you after,Yes
"i’m trying to be chill, work’s stressing me out",No
lmao you’re  funny  lol,No
you’re easy to work with,No
  nice work on the presentation  ,No
did you finish the report? also i kinda miss talking to you,Yes
nah you’re trouble 😅 😅,Yes
 if you were here you could help me move furniture   ,No
stoppp you’re making me smile,Yes
  Did You Finish The Report? Also I Kinda Miss Talking To You ?!,Yes
bet     are you available for a quick call?  ,No
good thinking?! 🤝,No
" good discussion earlier, thanks   !",No
lol thanks for the update ✅,No
"idk I’M Trying To Be Chill, Work’S Stressing Me Out",No
Busy Tonight But If You’Re Free I Can Make Time..,Yes
 Appreciate You Helping Out ,No
please submit the form by friday 🥲,No
tbh I   FEEL REALLY COMFORTABLE WITH YOU,Yes
are you available for a quick call?,No
lmao you free tonight? just us 😏,Yes
  what’s your ETA?    🥲,No
did you finish the report? also i kinda miss talking to you 😭,Yes
you’re different in a good way 🙃,Yes
ok you’re kinda cute but whatever,Yes
nah  please submit the form by friday   😏,No
if  you were  here i’d be happier,Yes
i’m trying to focus but you’re distracting me,Yes
did   you finish the report? also i kinda miss talking to you,Yes
kinda Did You Pay The Bill Yet?,No
kinda great job today,No
 what’s the status on the ticket?   😌,No
fr What Time Is The Meeting Tomorrow? Lowkey Wanna Grab Coffee W You After! 🙃,Yes
idk  i wish you were here rn  ...,Yes
bet   Good Thinking   😂,No
 let me know once it’s fixed ,No
did you pay the bill yet?,No
come over if you want 👀,Yes
"   thanks for helping earlier, i owe you dinner sometime 😏   ",Yes
ngl  i’m trying to be chill but you’re making it hard  ,Yes
fr stop being so attractive 👀,Yes
IT’S NICE TALKING TO YOU,Yes
thanks for the update,No
lowkey    i should sleep but i wanna keep talking to you  ,Yes
you’re funny lol ✨,No
busy tonight but if you’re free i can make time,Yes
sooo       you make my day feel lighter  ,Yes
i didn’t expect to enjoy this convo so much 👍,Yes
can you send me the slides later? 👍,No
what time is the meeting tomorrow?,No
i’m trying to focus but you’re distracting me 😂,Yes
kinda did you pay the bill yet?,No
you’re making this convo dangerously fun 💀,Yes
please submit the form by friday 👀,No
you free tonight? just us 😏 💀,Yes
"I’M TRYING TO BE CHILL, WORK’S STRESSING ME OUT",No
 I’M Trying To Be Chill But You’Re Making It Hard  ,Yes
ok   serious question…   when are we hanging out just us,Yes
Your Feedback Was Really Helpful 🙏,No
nah i’m trying to focus but you’re distracting me..,Yes
i like your perspective on this 😏,No
This   Is Random But I’M Happy We’Re Talking..,Yes
YOU’RE FUNNY LOL,No
  WE SHOULD HANG SOMETIME… JUST SAYING ??,Yes
lowkey Are You Available For A Quick Call?,No
you’re easy to work with,No
sooo you always message at the right time 💀,Yes
YOU’RE EASY TO WORK WITH,No
lmao if you were here you could help me move furniture,No
Are You Available For A Quick Call?..,No
THANKS FOR THE UPDATE,No
kinda THANKS FOR THE UPDATE,No
 you’re kinda becoming my favourite notification    🙂,Yes
we should hang sometime… just saying ✨,Yes
I   LIKE OUR TALKS?!,Yes
PLEASE   SUBMIT THE FORM BY FRIDAY 😏,No
You’Re Making This Convo Dangerously Fun,Yes
Are   You   Available For A Quick Call? ✅,No
"lowkey   I’M Trying To Be Chill, Work’S Stressing Me Out  ",No
 what’s your ETA?   ... 😂,No
kinda you’re   kinda   becoming  my favourite notification,Yes
lol    YOU’RE EASY TO WORK WITH  !,No
"GOOD DISCUSSION EARLIER, THANKS",No
did you pay the bill yet? 🤝,No
tbh i’m fine 😌 just thinking about you a bit! 😭,Yes
what time is the meeting tomorrow?...,No
   stoppp  that’s hilarious ,No
YOU’RE KINDA BECOMING MY FAVOURITE NOTIFICATION,Yes
Please Confirm The Address...,No
thanks for jumping on that quickly 👍,No
what’s  your ETA?,No
 you’re different in a good way   ,Yes
      i like our talks ,Yes
you’re  funny lol,No
omg Don’T Make Me Catch Feelings 🙂,Yes
stoppp that’s hilarious,No
lowkey we  should hang sometime… just saying,Yes
      i’m trying to focus but you’re distracting me  ,Yes
if you were here you could help me move furniture ✨,No
   you’re a good teammate   👍,No
you’re making this convo dangerously fun 😏,Yes
bet what’s your ETA?,No
you’re really reliable,No
   i’m not flirting… but   🥲,Yes
ok you’re kinda cute but whatever,Yes
what’s the status on the ticket? 🙂,No
I’Ll Loop You Into The Email 😅,No
lmao   come over if you want 👀  ?!,Yes
  ok serious question… when are we hanging out just us  👀,Yes
"bruh i’m trying to be chill, work’s stressing me out 🤝",No
You’Re A Good Teammate,No
ok serious question… when are we hanging out just us,Yes
good thinking..,No
   you explain things clearly   ,No
you’re a good teammate,No
   thanks for jumping on that quickly   ,No
fr i’m trying to be chill but you’re making it hard?? 👍,Yes
i’m glad we talk like this 😌,Yes
COME OVER IF YOU WANT 👀 🙏,Yes
did you pay the bill yet? 🙃,No
you’re really reliable,No
YOU’RE FUNNY LOL,No
you’re making this convo dangerously fun 💀,Yes
thanks for jumping on that quickly,No
you’re  kinda becoming my favourite notification 😌,Yes
are you available for a quick call?,No
  come over if you want 👀   💀,Yes
bet you’re making this convo dangerously fun,Yes
please confirm the address,No
     send me the file later pls… btw you looked really good today ??,Yes
i keep thinking about you lol 🤝,Yes
nah what’s   the   status on the ticket? 🥲,No
I   LIKE YOUR PERSPECTIVE ON THIS..,No
nah    I KEEP THINKING ABOUT YOU LOL ,Yes
  i should sleep but i wanna keep talking to you   ?!,Yes
   why you so cute tho ,Yes
LET ME KNOW ONCE IT’S FIXED 👍,No
THANKS FOR JUMPING ON THAT QUICKLY 🙏,No
we should hang sometime with everyone..,No
thanks for the update,No
you free tonight? just us 😏,Yes
"i’m trying to be chill, work’s stressing me out 👀",No
   YOU’RE TROUBLE   😅   🤝,Yes
i’ll loop you into the email,No
   great job today  ,No
"  i’m not flirting, i’m just being nice  ",No
you’re a good teammate,No
"i’m trying to be chill, work’s stressing me out",No
can you review this PR when you get a chance?,No
bruh can you review this PR when you get a chance? 😏,No
bruh why you so cute tho,Yes
  thanks for the update    🤝,No
fr  What’S Your Eta? ??,No
"I Like You. Like, Like You.. 🙃",Yes
I’M FINE 😌 JUST THINKING ABOUT YOU A BIT,Yes
"fr i’m not flirting, i’m just being nice",No
please confirm the address 😅,No
"I’M Not Flirting, I’M Just Being Nice",No
what’s your ETA?! 😌,No
I Like Our Talks,Yes
  I Should Sleep But I Wanna Keep Talking To You ,Yes
"good discussion earlier, thanks",No
  stop being so attractive   ,Yes
   THANKS FOR THE UPDATE   ,No
highkey    nice work on the presentation  ,No
please confirm the address,No
omg i wish you were here rn,Yes
  appreciate you helping out  ,No
great  job   today..,No
you’re different  in a good way 👍,Yes
did you finish the report? also i kinda miss talking to you,Yes
This Is Random But I’M Happy We’Re Talking 😭,Yes
fr what’s your ETA?,No
are you available for a quick call???,No
I KEEP   THINKING ABOUT YOU LOL,Yes
can  you   send me the slides later?,No
   did you pay the bill yet?  ,No
i wish you were here rn 😅,Yes
you’re easy to work with 😂,No
Thanks For Jumping On That Quickly,No
 your  feedback was really helpful  ,No
Did You Pay The Bill Yet? 👀,No
don’t make me laugh in public..,No
" I LIKE YOU. LIKE, LIKE YOU  ?!",Yes
lmao You’Re Trouble 😅 😌,Yes
i’ll loop you into the email,No
you’ve   got   good   energy in meetings,No
DON’T  MAKE  ME LAUGH IN PUBLIC,No
"sooo thanks for helping earlier, i owe you dinner sometime 😏 🙏",Yes
tbh we should hang sometime… just saying,Yes
i’m not flirting… but 😅,Yes
you explain things clearly... ✨,No
You Explain Things Clearly,No
highkey   dinner? 1 on 1   👍,Yes
sooo Thanks For Jumping On That Quickly.. 😏,No
Stoppp That’S Hilarious,No
   If You   Were Here You Could Help Me Move Furniture    💀,No
 PLEASE SUBMIT THE FORM BY FRIDAY   😅,No
  You’Re Easy To Work With    🤝,No
lowkey what’s your ETA?,No
nice work on the presentation 😌,No
can you review this PR when you get a chance? 😏,No
don’t make me catch feelings,Yes
 let me know once it’s fixed  ... 😂,No
  appreciate you helping out   😌,No
you’re kinda becoming my favourite notification?? 🙂,Yes
i like your perspective on this,No
i wish you were here rn 😂,Yes
lowkey Send Me The File Later Pls… Btw You Looked Really Good Today,Yes
 Stop Being So Attractive  ,Yes
Are You Available For A Quick Call? 😏,No
idk  i should sleep but i wanna keep talking to you   ✅,Yes
can you review this PR when you get a chance?,No
you always message at the right time 😅,Yes
lowkey Can  You Send Me The Slides Later? 👍,No
nice work on the presentation,No
don’t make me laugh in public,No
  i like our talks  ,Yes
  stoppp you’re making me smile ,Yes
   DINNER? 1 ON 1    💀,Yes
"lol i’m trying to be chill, work’s stressing me out",No
you’re trouble 😅,Yes
 busy tonight but if you’re free i can make time  ,Yes
       YOU’RE A GOOD TEAMMATE ,No
fr i’ll loop you into the email ✅,No
  we should hang sometime with everyone   ,No
"i’m not flirting, i’m just being nice",No
did you   pay the bill yet?,No
what time is the meeting tomorrow? lowkey wanna grab coffee w you after...,Yes
"THANKS FOR HELPING EARLIER, I OWE YOU DINNER SOMETIME 😏 🙂",Yes
"i’m trying to be chill, work’s stressing me out 🥲",No
good thinking..,No
bruh    ok serious question… when are we hanging out just us   😅,Yes
fr i should sleep but i wanna keep talking to you 👍,Yes
fr Can You Review This Pr When You Get A Chance?,No
ok  serious   question…   when are we hanging out just us 😭,Yes
i wish you were here rn,Yes
I Like   Your Perspective On This 😌,No
"i like you. like, like you",Yes
i’ll loop you into the email,No
what’s your ETA??? 🤝,No
What Time Is The Meeting Tomorrow? Lowkey Wanna Grab Coffee W You After!,Yes
highkey i like your perspective on this!,No
movie night? just you + me,Yes
THAT MADE MY DAY (THANKS FOR HELPING),No
don’t make me catch feelings,Yes
I’M Trying To Be Chill But You’Re Making It Hard,Yes
nah nice work on the presentation,No
lol       i’ll loop you into the email   🙃,No
your feedback was really helpful,No
you’re trouble 😅,Yes
lowkey Can  You Send  Me The Slides Later?,No
  thanks for jumping on that quickly   ,No
lowkey    stop being so attractive ,No
that’s a solid point,No
did you pay the bill yet?,No
sooo stoppp that’s hilarious,No
omg   what’s your ETA? ,No
Appreciate You Helping Out 👀,No
 Did You Pay The Bill Yet? ?!,No
Busy Tonight But If You’Re Free I Can Make Time,Yes
  appreciate you helping out   .. 💀,No
  please submit the form by friday   🙏,No
thanks for jumping on that quickly 🙏,No
what time is the meeting tomorrow? lowkey wanna grab coffee w you after?! 👍,Yes
Can You Send Me The Slides Later??! 🤝,No
CAN YOU  SEND ME THE SLIDES LATER?..,No
"i’m not flirting, i’m just being nice!",No
i’m trying to be chill but you’re making it hard,Yes
highkey   i keep thinking about you lol ,Yes
bruh        you’re really reliable   ,No
what’s the status on the ticket?,No
don’t make me laugh in public 😭,No
please confirm the address,No
what time is the meeting tomorrow? 😭,No
what’s your ETA? 🤝,No
omg stop being so  attractive 😏,Yes
"i’m not flirting, i’m just being nice",No
fr your feedback was really helpful,No
 did you pay the bill yet? ,No
  Did You Pay The Bill Yet?  👀,No
tbh you’ve got good energy in meetings,No
what time is the meeting tomorrow?,No
   i’m not flirting… but   🙂,Yes
your feedback was really helpful 😭,No
what’s your ETA?,No
      i’m  trying to focus but you’re distracting me   .. 😅,Yes
stoppp that’s hilarious ✅,No
  your feedback was really helpful  ,No
lowkey good thinking,No
You Make My Day Feel Lighter 🙃,Yes
bruh you’re kinda becoming my favourite notification?! 🙃,Yes
omg i keep thinking about you lol,Yes
stop being so attractive,Yes
   it’s nice talking to you   ,Yes
good thinking,No
what’s the status on the ticket?...,No
lowkey LET ME KNOW ONCE IT’S FIXED 💀,No
you make my day feel lighter,Yes
 you’re a good teammate   ... 😌,No
  what’s your ETA?    ✨,No
did you finish the report? also i kinda miss talking to you,Yes
   WHAT’S THE STATUS ON THE TICKET?   ...,No
   come over if you want 👀  😏,Yes
you explain things clearly 😏,No
stop being so attractive 😏,Yes
   Ok Serious Question… When Are We Hanging Out Just Us  ,Yes
  stop being so attractive   ,Yes
  you’re a good teammate  🙂,No
"idk good discussion earlier, thanks 😂",No
busy tonight but if you’re free i can make time,Yes
     I’M   TRYING TO BE CHILL BUT YOU’RE MAKING IT HARD  ... 🙃,Yes
"  i’m trying to be chill, work’s stressing me out  ",No
  please submit the form by friday ,No
i should sleep but i wanna keep talking to you,Yes
we should hang sometime with everyone ✨,No
that’s a solid point,No
DON’T MAKE ME LAUGH IN PUBLIC,No
 if you were here you could help me move furniture  ,No
sooo you’ve   got good   energy in meetings...,No
   Dinner? 1 On 1  😭,Yes
YOU’VE GOT GOOD ENERGY IN MEETINGS 👍,No
I KEEP THINKING ABOUT YOU LOL,Yes
please   confirm  the address,No
   can you review this PR when you get a chance?   ✅,No
stoppp you’re making me smile 👀,Yes
bruh    can you send me the slides later?  ,No
ngl I Wish You Were Here Rn,Yes
kinda i’m trying to be chill but you’re making it hard 👍,Yes
lol   Stop Being So Attractive ,Yes
 thanks for jumping on that quickly  ,No
what’s the status on the ticket?!,No
lowkey great job today...,No
bruh    i’m fine 😌 just thinking about you a bit  ,Yes
you’re different in a good way,Yes
busy tonight but if you’re free i can make time 💀,Yes
bruh we should hang sometime with everyone...,No
 did you finish the report? also i kinda miss talking to you ,Yes
"thanks for helping earlier, i owe you dinner sometime 😏 🥲",Yes
kinda I’M Trying To Focus But You’Re Distracting Me?!,Yes
you’re trouble   😅,Yes
can you send me the slides later?,No
idk What’S Your Eta?,No
nah are you available for a quick call? ✅,No
OK YOU’RE KINDA CUTE BUT WHATEVER...,Yes
this  is random but i’m happy we’re talking... 🤝,Yes
  i’m trying to focus but you’re distracting me   ,Yes
YOU’RE  FUNNY LOL,No
you free tonight? just us 😏?? 👀,Yes
what’s the status on the ticket? 😌,No
WHAT TIME IS THE MEETING TOMORROW? LOWKEY WANNA GRAB COFFEE W YOU AFTER... ✨,Yes
what time is the meeting tomorrow? lowkey wanna grab coffee w you after,Yes
can you review this PR when you get a chance???,No
you’re making this convo dangerously fun 😂,Yes
 I’M Glad We Talk Like This ,Yes
don’t make me catch feelings,Yes
   you’re a good teammate ,No
 are you available for a quick call?  😅,No
lol    You’Re Making This Convo Dangerously Fun  ! 🤝,Yes
ngl don’t make me catch feelings,Yes
YOU  FREE  TONIGHT? JUST US 😏,Yes
lmao You’Ve Got Good Energy In Meetings ✅,No
kinda  can you send me the slides later? ,No
   what’s the status on the ticket?  👍,No
idk I’Ll Loop You Into The Email 😅,No
 you explain things clearly  ,No
I’Ll Loop You Into The Email,No
highkey i  like your perspective on this?!,No
"i’m not flirting, i’m just being nice 💀",No
"  Thanks For Helping Earlier, I Owe You Dinner Sometime 😏  💀",Yes
you’re a good teammate,No
bruh what time is the meeting tomorrow?,No
stoppp you’re making me smile,Yes
     I’M NOT FLIRTING… BUT   .. 😭,Yes
  YOUR FEEDBACK WAS REALLY HELPFUL  ,No
"i like you. like, like you 😏",Yes
DID YOU PAY THE BILL YET? 👍,No
kinda can you review this PR when you get a chance?..,No
idk  are you available for a quick call?   ,No
lmao busy tonight but if you’re free i can make time,Yes
you’re making this convo dangerously fun,Yes
bet I’M Fine 😌 Just Thinking About You A Bit,Yes
you explain things clearly,No
movie   night?  just you + me?!,Yes
thanks for jumping on that quickly 😏,No
   NGL I MISS YOU !,Yes
thanks for the update ✨,No
bet    you’re a good teammate   ,No
   STOP BEING SO ATTRACTIVE   ,Yes
we should hang sometime with everyone!,No
"nah i   like  you. like, like you",Yes
i’m fine 😌 just thinking about you a bit,Yes
bruh what   time  is the meeting tomorrow?,No
tbh did you pay the bill yet?,No
"GOOD DISCUSSION EARLIER, THANKS",No
 Thanks For The Update ?! ✨,No
   Ok You’Re Kinda Cute But Whatever  ✨,Yes
what’s   the   status on the ticket?,No
what’s the status on the ticket?,No
 YOU EXPLAIN THINGS CLEARLY   ?!,No
GOOD THINKING 💀,No
please confirm the address,No
good  thinking 🙃,No
did you pay the bill yet?!,No
i’m fine 😌 just thinking about you a bit,Yes
ngl i miss you??,Yes
You’Re Really Reliable 🤝,No
we should hang   sometime with everyone..,No
thanks for the update,No
Let Me Know Once It’S Fixed?!,No
   you explain things clearly   !,No
"omg i’m not flirting, i’m just being nice",No
kinda   nice work on the presentation ,No
ok serious question… when are we hanging out just us,Yes
great job today,No
   i’ll loop you into the email  ,No
lmao what time is the meeting tomorrow? lowkey wanna grab coffee w you after,Yes
You Free Tonight? Just Us 😏! ✨,Yes
Don’T Make Me Catch Feelings,Yes
That’S   A Solid Point?? ✅,No
tbh thanks for the update,No
   you’re funny lol   🤝,No
 DID YOU FINISH THE REPORT? ALSO I KINDA MISS TALKING TO YOU  ,Yes
Stoppp   That’S  Hilarious 🙂,No
I’M Fine 😌 Just Thinking About You A Bit 🙃,Yes
you  handled that well...,No
that made my day (thanks for helping)! 😂,No
  don’t make me catch feelings ,Yes
  you handled that well   ,No
if you  were  here you could help me move furniture 👀,No
lol can you review this PR when you get a chance? 😌,No
what time is the meeting tomorrow?,No
 you’re making this convo dangerously fun  ,Yes
dinner? 1   on 1 ✅,Yes
you handled that well,No
WHAT’S THE STATUS ON THE TICKET?,No
bet can you review this PR when you get a chance??!,No
movie night? just you + me.. 😂,Yes
"i’m not flirting, i’m just being nice",No
you’re funny lol,No
    don’t make me laugh in public ,No
sooo what  time  is   the meeting tomorrow? lowkey wanna grab coffee w you after??,Yes
kinda i’m trying to focus but you’re distracting me,Yes
lowkey    i keep thinking about you lol   👍,Yes
let  me know once it’s fixed,No
What Time Is The Meeting Tomorrow?,No
you’re easy to work with,No
we  should  hang sometime with everyone 🙃,No
ok you’re kinda cute but whatever,Yes
I’Ll Loop You Into The Email! 🥲,No
 if you were here i’d be happier   ,Yes
 Can You Send Me The Slides Later?  ?! ✨,No
this is random but i’m happy we’re talking 🤝,Yes
omg we should hang sometime with everyone..,No
can you send me the slides later?,No
bet your feedback was really helpful 😌,No
You’Re Making This Convo Dangerously Fun,Yes
YOU’RE MAKING THIS CONVO DANGEROUSLY FUN?? 😅,Yes
fr Stop Being So Attractive 😂,Yes
i keep thinking about you lol 💀,Yes
i’ll loop you into the email ✅,No
you’re funny lol 😌,No
" good discussion earlier, thanks  ...",No
highkey    send me the file later pls… btw you looked really good today   ,Yes
bruh  please confirm the address   ✨,No
nah i keep thinking about you lol,Yes
YOU MAKE MY DAY FEEL LIGHTER.. 🤝,Yes
please confirm the address,No
    please submit the form by friday   ,No
what’s your ETA? ✅,No
lmao    stoppp you’re making me smile   ,Yes
What’S The Status On The Ticket?...,No
you’re really reliable...,No
   appreciate you helping out ?? 💀,No
you’re a good teammate,No
bruh what time is the meeting tomorrow? 💀,No
 can you send me the slides later?  ,No
i like your perspective on this 👍,No
"I Like You. Like, Like You?? 💀",Yes
    did you pay the bill yet?   ,No
i’ll loop you into the email?!,No
 i didn’t expect to enjoy this convo so much ,Yes
YOU’RE EASY TO WORK WITH 😏,No
it’s nice talking to you??,Yes
Can You Send Me The Slides Later? 😅,No
omg ngl i miss you 🙂,Yes
sooo if you were here you could help me move furniture?! 😏,No
bruh did you finish the report? also i kinda miss talking to you,Yes
"i like you. like, like you",Yes
   PLEASE CONFIRM THE ADDRESS ,No
stoppp that’s hilarious ✨,No
you   handled   that well 😏,No
  ok you’re kinda cute but whatever ,Yes
"I’M TRYING TO BE CHILL, WORK’S STRESSING ME OUT.. 💀",No
kinda i keep thinking about you lol?!,Yes
did   you finish the report? also i kinda miss talking to you..,Yes
bet please submit the form by friday 👀,No
"GOOD DISCUSSION EARLIER, THANKS 😭",No
busy tonight but  if you’re free i can make time 😂,Yes
did you finish the report? also i kinda miss talking to you... 😅,Yes
i like your perspective on this,No
i’m   trying to focus but you’re distracting me,Yes
ok  serious question…  when are we hanging out just us,Yes
what time is the meeting tomorrow?,No
idk     dinner?   1 on 1 ,Yes
"I’M TRYING TO BE CHILL, WORK’S STRESSING ME OUT",No
 you’re different in a good way ,Yes
"i’m trying to be chill, work’s stressing me out",No
WHAT  TIME  IS THE MEETING TOMORROW?,No
i’m fine 😌 just thinking about you a bit,Yes
   i’ll loop you into the email ,No
send me the file later pls… btw you looked really good today?!,Yes
You Handled That Well??,No
THIS IS RANDOM BUT I’M HAPPY WE’RE TALKING,Yes
thanks for jumping on that quickly 🙃,No
tbh good thinking!,No
i’m fine 😌 just thinking about you a bit,Yes
PLEASE SUBMIT THE FORM BY FRIDAY,No
"I’M TRYING TO BE CHILL, WORK’S STRESSING ME OUT 😌",No
We Should Hang Sometime… Just Saying ✨,Yes
CAN YOU REVIEW THIS PR WHEN YOU GET A CHANCE? 😂,No
"Thanks For Helping Earlier, I Owe You Dinner Sometime 😏",Yes
what time is the meeting tomorrow? lowkey wanna grab coffee w you after 😏,Yes
bruh  can you review this PR when you get a chance?   ,No
are you available for a quick call??!,No
GREAT JOB TODAY 💀,No
tbh   You’Re Different In A Good Way  🙃,Yes
     Please Submit The Form By Friday   💀,No
ngl i miss you?! 🙏,Yes
  i’m not flirting… but   ,Yes
   you’re making this convo dangerously fun  ,Yes
we should hang sometime with everyone,No
I SHOULD SLEEP BUT I WANNA KEEP TALKING TO YOU ✨,Yes
you always message at the right time ✅,Yes
WHAT’S THE STATUS ON THE TICKET? 👀,No
 DON’T MAKE ME CATCH FEELINGS  ✅,Yes
lowkey CAN YOU REVIEW THIS PR WHEN YOU GET A CHANCE?,No
 can you review this PR when you get a chance?  ,No
PLEASE   CONFIRM THE ADDRESS 🙂,No
You’Re Kinda Becoming My Favourite Notification,Yes
great job today 😂,No
ok  you’re   kinda cute but whatever 🥲,Yes
lowkey please confirm the address,No
highkey let me know once it’s fixed,No
 if you were here you could help me move furniture  😂,No
 YOU’RE EASY TO WORK WITH   ??,No
YOU’VE GOT GOOD ENERGY IN MEETINGS 🙏,No
i feel really comfortable with you??,Yes
"i’m trying to be chill, work’s stressing me out",No
PLEASE CONFIRM THE ADDRESS...,No
GOOD THINKING,No
IF YOU WERE HERE YOU COULD HELP ME MOVE FURNITURE 🥲,No
can you review this PR when you get a chance?,No
   That’S A Solid Point  🙂,No
"I’M NOT FLIRTING, I’M JUST BEING NICE 😌",No
ok you’re kinda cute but whatever 🤝,Yes
You’Ve  Got Good Energy In Meetings,No
what’s the status on the ticket? 🤝,No
did you pay the bill yet???,No
don’t make me laugh in public 🙃,No
omg that’s a solid point!,No
bet ok you’re kinda cute but whatever,Yes
STOPPP YOU’RE MAKING ME SMILE,Yes
i feel really comfortable with you ✅,Yes
you’re kinda becoming my favourite notification 💀,Yes
 i like your perspective on this  ,No
stoppp that’s hilarious 😂,No
lmao can you review this PR when you get a chance? 🙃,No
    ok serious question… when are we hanging out just us  ,Yes
lmao I Should Sleep But I Wanna Keep Talking To You 😅,Yes
   stoppp you’re making me smile    🥲,Yes
I SHOULD SLEEP BUT I WANNA KEEP TALKING TO YOU.. 🙃,Yes
  that’s a solid point  .. 😭,No
Thanks For Jumping On That Quickly ✨,No
this  is random   but i’m happy we’re talking,Yes
you’re trouble 😅,Yes
sooo Let Me Know Once It’S Fixed,No
you free tonight? just us 😏,Yes
THANKS FOR THE UPDATE 🥲,No
you free tonight? just us 😏 💀,Yes
it’s nice talking to you ✅,Yes
sooo don’t make   me laugh in public,No
don’t make me catch feelings 😌,Yes
  that made my day (thanks for helping)   ...,No
this is random but i’m happy we’re talking,Yes
  I SHOULD SLEEP BUT I WANNA KEEP TALKING TO YOU  ??,Yes
"good discussion earlier, thanks 👀",No
"I’M NOT FLIRTING, I’M JUST BEING NICE",No
it’s nice talking to you,Yes
that’s   a  solid   point 🙃,No
did you pay the bill yet?,No
fr can you send me the slides later?,No
CAN YOU SEND ME THE SLIDES LATER? ✨,No
i’m  trying to  focus but you’re distracting me,Yes
   YOU HANDLED THAT WELL ,No
are  you  available   for a quick call? 😏,No
sooo i’ll loop you into the email,No
"thanks for helping earlier, i owe you dinner sometime 😏 🙃",Yes
I’M GLAD WE TALK LIKE THIS! 😌,Yes
ngl movie night? just you + me,Yes
please submit the form by friday,No
IF YOU WERE HERE YOU COULD HELP ME MOVE FURNITURE,No
fr    your feedback was really helpful   ,No
i’m not flirting… but,Yes
lowkey don’t make me laugh in public,No
lowkey ok you’re kinda   cute but whatever...,Yes
ngl DID YOU PAY THE BILL YET?,No
  ngl i miss you  ,Yes
bet   THANKS FOR THE UPDATE  ,No
Busy Tonight But If You’Re Free I Can Make Time?!,Yes
WHAT’S   YOUR ETA?!,No
nah don’t make me laugh in public,No
omg    IF YOU WERE HERE YOU COULD HELP ME MOVE FURNITURE  🤝,No
you’re making this convo dangerously fun,Yes
" good discussion earlier, thanks  ",No
I FEEL REALLY COMFORTABLE WITH YOU,Yes
lmao  Don’T Make Me Laugh In Public ,No
I’LL LOOP YOU INTO THE EMAIL 🤝,No
     we should hang sometime with everyone  ! 👀,No
idk I LIKE OUR TALKS,No
"kinda thanks for helping earlier, i owe you dinner sometime 😏",Yes
ngl i miss you 🙃,Yes
did you pay the bill yet? ✅,No
ok serious question… when are we hanging out just us,Yes
ngl i   miss you 🤝,Yes
lmao send   me   the file later pls… btw you looked really good today,Yes
   dinner? 1 on 1    😂,Yes
i’m glad we talk like this?! 🥲,Yes
i’m fine 😌 just thinking about you a bit??,Yes
Appreciate You Helping Out?!,No
"  Good Discussion Earlier, Thanks    🙂",No
highkey why you so cute tho,Yes
what time is the meeting tomorrow?,No
you  make my day feel lighter! 👍,Yes
  great job today   ?! 😌,No
i keep thinking about you lol!,Yes
ngl thanks for the update 🙏,No
I’M NOT FLIRTING… BUT,Yes
tbh stop being so attractive 🙃,Yes
You’Re  Easy To Work With,No
lol  stoppp that’s hilarious  ...,No
Ok You’Re Kinda Cute But Whatever,Yes
if you were here i’d be happier,Yes
LET ME  KNOW  ONCE IT’S FIXED,No
This Is Random But I’M Happy We’Re Talking,Yes
what’s the status on the ticket?..,No
DON’T MAKE ME LAUGH IN PUBLIC,No
Stop   Being   So  Attractive 🥲,Yes
"i like you. like, like you",Yes
YOU   MAKE MY DAY FEEL LIGHTER,Yes
fr   please confirm the address  ,No
You’Re Different In A Good Way,Yes
fr let me know once it’s fixed 🙂,No
ngl  i like our talks ?!,Yes
idk   i like your perspective on this  ,No
   come over if you want 👀   😅,Yes
lol good thinking 🙃,No
what time is the meeting tomorrow?,No
i’ll loop you into the email! 🙏,No
sooo   Ok Serious Question… When Are We Hanging Out Just Us  👀,Yes
I KEEP THINKING ABOUT YOU LOL,Yes
omg that   made my day (thanks for helping),No
   you free tonight? just us 😏   ,Yes
IT’S NICE TALKING TO YOU,Yes
come over if you want 👀,Yes
dinner? 1 on 1,Yes
fr    Don’T  Make  Me Laugh In Public  ,No
bet you’re different in a good way...,Yes
idk i’m   not   flirting…  but,Yes
"   i’m  not flirting, i’m just being nice ",No
CAN YOU REVIEW THIS PR WHEN YOU GET A CHANCE?,No
"Thanks For Helping Earlier, I Owe You Dinner Sometime 😏",Yes
i’m trying to focus but you’re distracting me,Yes
fr You Explain Things Clearly 🙃,No
   You’Ve Got Good Energy In Meetings  👀,No
CAN YOU SEND ME THE SLIDES LATER? 🤝,No
you   explain things  clearly 😏,No
I  LIKE YOUR PERSPECTIVE ON THIS??,No
  You’Ve Got Good Energy In Meetings ,No
ok you’re kinda cute but whatever,Yes
bet   if you were here you could help me move furniture ...,No
are you available for a quick call?...,No
   that made my day (thanks for helping)   ,No
YOU’RE FUNNY LOL..,No
lmao    That Made My Day (Thanks For Helping)  ,No
 It’S Nice Talking To You ,Yes
you’re making this convo dangerously fun,Yes
what  time  is  the meeting tomorrow?,No
"i’m trying to be chill, work’s stressing me out 😭",No
what time is the meeting tomorrow?,No
highkey   PLEASE SUBMIT THE FORM BY FRIDAY   ,No
   i’ll loop you into the email   🤝,No
 why you so cute tho !,Yes
i should sleep but i wanna keep talking to you...,Yes
APPRECIATE YOU HELPING OUT,No
lmao    Did You Finish The Report? Also I Kinda Miss Talking To You    🙂,Yes
sooo Stoppp That’S Hilarious...,No
did you pay the bill yet?,No
movie  night?   just   you + me,Yes
i’m trying to focus but you’re distracting me,Yes
lmao CAN  YOU   SEND   ME THE SLIDES LATER? 😂,No
you’re easy to work with ✅,No
bet    ok you’re kinda cute but whatever ,Yes
ngl great job today,No
nah we should hang sometime… just saying,Yes
please confirm the address,No
dinner? 1 on 1,Yes
bet ARE YOU AVAILABLE FOR A QUICK CALL? 🙏,No
Send Me The File Later Pls… Btw You Looked Really Good Today,Yes
  did you finish the report? also i kinda miss talking to you ,Yes
ngl  did you pay the bill yet?    ✨,No
"i’m trying to be chill, work’s stressing me out 😅",No
CAN  YOU REVIEW THIS PR WHEN YOU GET A CHANCE? 💀,No
can you review this PR when you get a chance?,No
STOP BEING SO ATTRACTIVE!,Yes
 thanks for the update  ,No
   you’re a good teammate ,No
     i like your perspective on this  😏,No
fr i’ll loop you into the email,No
what time is the meeting tomorrow? lowkey wanna grab coffee w you after,Yes
nice work on the presentation,No
"bruh i’m   trying to be chill, work’s stressing me out",No
YOU’RE FUNNY LOL 🙃,No
   YOU’VE GOT GOOD ENERGY IN MEETINGS  ??,No
can you send me the slides later? 🙂,No
We Should Hang Sometime With Everyone..,No
omg are  you available for a quick call?...,No
sooo why you so cute tho ✅,Yes
don’t make me laugh in public 🤝,No
i’m fine 😌 just thinking about you a bit 👍,Yes
"sooo Thanks For Helping Earlier, I Owe You Dinner Sometime 😏 ✅",Yes
I Keep Thinking About You Lol,Yes
what’s the status on the ticket?,No
  you free tonight? just us 😏    🙏,Yes
 let me know once it’s fixed ,No
are you available for a quick call?,No
What’S The Status On The Ticket? 😅,No
YOU  ALWAYS MESSAGE AT THE RIGHT TIME,Yes
i’ll loop you into the email,No
 come over if you want 👀  😭,Yes
that’s a solid point 😅,No
I LIKE YOUR PERSPECTIVE ON THIS??,No
don’t  make me laugh in public 🤝,No
you’re easy to work with?? 🤝,No
  appreciate you helping out   ,No
i like your perspective on this...,No
Busy Tonight But If You’Re Free I Can Make Time,Yes
it’s nice talking to you,Yes
fr you   explain things clearly...,No
"i’m not flirting, i’m just being nice ✨",No
you’re easy to work with,No
what time is the meeting tomorrow? lowkey wanna grab coffee w you after??,Yes
you   always   message at the right time!,Yes
i’ll loop you into the email,No
come over if you want 👀 😅,Yes
this is random but i’m happy we’re talking,Yes
i wish you were here rn,Yes
bruh   stoppp that’s hilarious ,No
i wish you were here rn,Yes
omg you’re a good teammate 😂,No
idk    thanks for jumping on that quickly ...,No
"I’M TRYING TO BE CHILL, WORK’S STRESSING ME OUT",No
sooo you free tonight? just us 😏...,Yes
please confirm   the address 💀,No
Can You Review This Pr When You Get A Chance?..,No
you’re easy to work with 👀,No
idk don’t make me laugh in public...,No
lowkey send   me  the file later pls… btw you looked really good today,Yes
lmao i’ll loop you into the email 😏,No
lol stoppp  you’re making me smile,Yes
  Ngl I Miss You   ?!,Yes
"   I’M Not Flirting, I’M Just Being Nice  ..",No
  did you pay the bill yet?   🙂,No
idk   you’re a good teammate ?? ✅,No
highkey   what’s your ETA? ,No
i’m trying to be chill but you’re making it hard,Yes
"   thanks for helping earlier, i owe you dinner sometime 😏   ",Yes
"bruh I’M Not Flirting, I’M Just Being Nice 😌",No
"I Like You. Like, Like You 🙃",Yes
you’re making this convo dangerously fun,Yes
I  Keep  Thinking About You Lol 👍,Yes
bet thanks for the update,No
can   you review this PR when you get a chance? 🙏,No
you’re making this convo dangerously fun,Yes
fr what time is the meeting tomorrow?,No
did you pay the bill yet?,No
ngl    can you send me the slides later?   ?!,No
thanks for the update 😌,No
dinner? 1 on 1,Yes
 you’re easy to work with ??,No
I’M FINE 😌 JUST THINKING ABOUT YOU A BIT,Yes
lol You’Re Easy To Work With! 😌,No
You’Ve Got Good Energy In Meetings,No
nice work  on the presentation 😂,No
WE SHOULD HANG SOMETIME… JUST SAYING... 😏,Yes
ngl you’re easy to work with,No
WHAT’S YOUR ETA?..,No
"fr i’m not flirting, i’m just being nice 😭",No
lmao i feel really comfortable with you! ✨,Yes
stoppp that’s hilarious 😂,No
stop being so attractive?!,Yes
Ngl I Miss You,Yes
"   good discussion earlier, thanks    👍",No
thanks for jumping on that quickly,No
sooo appreciate you helping out!,No
what’s your ETA?,No
thanks for the update,No
i like your perspective on this..,No
 are you available for a quick call? ,No
omg      You’Ve Got Good Energy In Meetings   ! 😂,No
can  you send me the slides later?.. 😂,No
tbh good   thinking 😌,No
please confirm the address 😂,No
   don’t make me catch feelings ,Yes
you’ve got good energy in meetings,No
  you’re funny lol   ,No
i’ll loop you into the email,No
we should hang sometime with everyone,No
   please submit the form by friday  ,No
kinda are  you available for a quick call?,No
"i’m not flirting, i’m just being nice",No
send me the file later pls… btw you looked really good today,Yes
"I Like You. Like, Like You",Yes
omg can you send me the slides later?,No
stoppp  that’s   hilarious,No
idk you’ve   got good energy in meetings 👍,No
are you available for a quick call?,No
tbh I  Didn’T Expect To Enjoy This Convo So Much,Yes
please submit the form by friday 👍,No
"i’m trying to be chill, work’s stressing me out",No
dinner? 1 on 1,Yes
lowkey i’m fine   😌 just thinking about you a bit,Yes
"i’m not flirting, i’m just being nice",No
i’m fine 😌 just thinking about you a bit,Yes
you’re trouble 😅??,Yes
  please confirm the address  🙃,No
you’re  really reliable,No
ngl   i’m trying to focus but you’re distracting me   ?! 🤝,Yes
"i’m not flirting, i’m just being nice",No
YOU’RE EASY TO WORK WITH,No
,No
   YOU ALWAYS MESSAGE AT THE RIGHT TIME   ,Yes
ok serious question… when are we hanging out just us 💀,Yes
did you finish the report? also i kinda miss talking to you??,Yes
   I’Ll Loop You Into The Email ,No
ngl SEND ME THE FILE LATER PLS… BTW YOU LOOKED REALLY GOOD TODAY 😂,Yes
please  confirm the address 🤝,No
we should hang sometime with everyone,No
What Time Is The Meeting Tomorrow? Lowkey Wanna Grab Coffee W You After ✨,Yes
   are you available for a quick call?  ,No
kinda      busy tonight but if you’re free i can make time   ,Yes
 please submit the form by friday    🥲,No
ngl you’re a good teammate,No
stop being so attractive...,Yes
  movie night? just you + me  😅,Yes
you handled that well 🙏,No
"I’M Trying To Be Chill, Work’S Stressing Me Out 🥲",No
can you review this PR when you get a chance?,No
  i should sleep but i wanna keep talking to you   👀,Yes
 you’re trouble 😅   🙂,Yes
i didn’t expect to enjoy this convo so much 🙃,Yes
movie night? just you + me,Yes
you’re funny lol!,No
idk you  always message at the right time 💀,Yes
highkey WE SHOULD HANG SOMETIME WITH EVERYONE 👀,No
You’Re Easy To Work With,No
that made my day (thanks for helping)?! 😭,No
this is random but i’m happy we’re talking 👀,Yes
"Good Discussion Earlier, Thanks 🤝",No
   don’t make me laugh in public   ,No
  thanks for jumping on that quickly ,No
let me know once it’s fixed...,No
omg you’re   different  in  a good way 😅,Yes
idk  can you send me the slides later?  ?? ✨,No
we should hang sometime with everyone,No
You Handled That Well 😌,No
send me the file later pls… btw you looked really good today,Yes
I Keep Thinking About You Lol,Yes
lol are you available for a quick call?,No
sooo  THAT’S A SOLID POINT    👀,No
great   job today,No
THAT  MADE   MY DAY (THANKS FOR HELPING)...,No
i keep thinking about you lol 😅,Yes
if you were here you could help me move furniture,No
omg you’ve got good energy in meetings,No
omg WHAT’S  THE   STATUS ON THE TICKET?,No
kinda WE SHOULD HANG SOMETIME… JUST SAYING,Yes
 i should sleep but i wanna keep talking to you  👍,Yes
kinda THAT’S A SOLID POINT,No
bet we should hang sometime with everyone,No
busy   tonight  but  if you’re free i can make time,Yes
STOPPP THAT’S HILARIOUS,No
highkey YOU’VE GOT GOOD ENERGY IN MEETINGS,No
"bet I’M Not Flirting, I’M Just Being Nice",No
can you send me the slides later?,No
"highkey good discussion earlier, thanks",No
"   good discussion earlier, thanks  ..",No
Good Thinking ✅,No
don’t make  me laugh in public.. 🙃,No
i’m  trying to focus but you’re distracting me 🤝,Yes
lmao i’m trying to focus but you’re distracting me,Yes
bet dinner?  1   on 1,Yes
WHAT TIME IS THE MEETING TOMORROW?,No
   CAN YOU REVIEW THIS PR WHEN YOU GET A CHANCE? ,No
   i   like our talks    👍,Yes
i feel really comfortable with you 😌,Yes
you’re really reliable,No
please submit the form by friday 👀,No
can you send me the slides later?,No
you’re easy to work with,No
"I’M   NOT FLIRTING, I’M JUST BEING NICE??",No
you’re easy to work with,No
 CAN YOU SEND ME THE SLIDES LATER?    😭,No
" Thanks For Helping Earlier, I Owe You Dinner Sometime 😏   👍",Yes
appreciate you helping out 😭,No
"I’M Trying To Be Chill, Work’S Stressing Me Out",No
  SEND ME THE FILE LATER PLS… BTW YOU LOOKED REALLY GOOD TODAY ,Yes
  i’m not flirting… but  ,Yes
good thinking,No
kinda why you so cute tho,Yes
Thanks For Jumping On That Quickly,No
i’ll loop you into the email?? ✅,No
this is random but i’m happy we’re talking,Yes
let me know once it’s fixed,No
sooo    you’re a good teammate ,No
dinner? 1 on 1 🙏,Yes
can you send me the slides later? 😏,No
THAT MADE MY DAY (THANKS FOR HELPING),No
come over if you want 👀! 😌,Yes
Appreciate You Helping Out 😭,No
that made my day (thanks for helping) 😏,No
fr what’s the status on the ticket? 😏,No
fr can you review this PR when you get a chance?,No
don’t make me catch feelings,Yes
i’m trying to focus but you’re distracting me,Yes
"i’m trying to be chill, work’s stressing me out",No
are you   available for a quick call?..,No
what time is the meeting tomorrow? lowkey wanna grab coffee w you after,No
  That’S A Solid Point  !,No
great job today,No
kinda YOU’RE REALLY RELIABLE,No
if you were here you could help me move furniture,No
can you send me the slides later?! 🤝,No
are you available for a quick call?... 😭,No
nah you’re different in a good way..,Yes
nice work on the presentation,No
you’re funny   lol,No
thanks for the update,No
you   make   my  day feel lighter 💀,Yes
Don’T Make Me Catch Feelings,Yes
tbh   I’M Trying To Focus But You’Re Distracting Me  ,Yes
What Time Is The Meeting Tomorrow? Lowkey Wanna Grab Coffee W You After...,Yes
  come over if you want 👀  ...,Yes
please confirm the address,No
"GOOD DISCUSSION EARLIER, THANKS 🙃",No
" i’m trying to be chill, work’s stressing me out  ",No
  what’s your ETA?   ... 😅,No
 i wish you were here rn   !,Yes
i didn’t expect to enjoy this convo so much,Yes
i like our talks,Yes
WHAT TIME IS THE MEETING TOMORROW? 🙂,No
nah Thanks For The Update,No
appreciate you helping out 😭,No
i’m not flirting… but 🙂,Yes
   dinner? 1 on 1 ... 💀,Yes
did you pay the bill yet?..,No
you’re really reliable,No
bruh that made my day (thanks for helping),No
   You’Re A Good Teammate  ,No
can you review this PR when you get a chance? 😅,No
bet   Ok   Serious Question… When Are We Hanging Out Just Us   ,Yes
"  good discussion earlier, thanks   ?? ✨",No
WHAT’S YOUR ETA?,No
"Good Discussion Earlier, Thanks",No
What’S Your Eta? 🙏,No
come over if you want 👀,Yes
   can you send me the slides later?   👍,No
WE  SHOULD HANG SOMETIME… JUST SAYING,Yes
  what time is the meeting tomorrow? lowkey wanna grab coffee w you after  ,Yes
bruh we should hang sometime with everyone,No
movie night? just you + me,Yes
lol what  time  is the meeting tomorrow???,No
did you pay the bill yet?,No
  we should hang sometime with everyone ?!,No
 don’t make me laugh in public ,No
omg WHAT’S YOUR ETA?...,No
tbh    YOU’RE MAKING THIS CONVO DANGEROUSLY FUN  ,Yes
Thanks   For Jumping On That Quickly 👍,No
   I’LL LOOP YOU INTO THE EMAIL ?? 🙂,No
you’re a good teammate,No
    thanks for jumping on that quickly  ,No
you’re easy to work with 💀,No
WHAT’S  THE   STATUS  ON THE TICKET? ✅,No
thanks for the update,No
you handled that well! 😏,No
Are You Available For A Quick Call?,No
  you’re a good teammate   ,No
"good discussion earlier, thanks 😅",No
This Is Random But I’M Happy We’Re Talking,Yes
"i’m not flirting, i’m just being nice",No
Can You Review This Pr When You Get A Chance?,No
 I’M GLAD WE TALK LIKE THIS   ,Yes
send   me  the file later pls… btw you looked really good today 😭,Yes
COME OVER IF YOU WANT 👀,Yes
bet please submit the form by friday 🙏,No
fr can   you send   me the slides later??!,No
  ok you’re kinda cute but whatever  ,Yes
Nice Work On The Presentation 🙏,No
ngl    What Time Is The Meeting Tomorrow? Lowkey Wanna Grab Coffee W You After  ,Yes
bruh    we should hang sometime… just saying  ,Yes
highkey i like your perspective on this,No
 thanks for the update  ,No
YOU’RE MAKING THIS CONVO DANGEROUSLY FUN,Yes
"  I’M NOT FLIRTING, I’M JUST BEING NICE  !",No
   send me the file later pls… btw you looked really good today  ,Yes
did you pay the bill yet?,No
   movie night? just you + me ,Yes
did   you  finish the report? also i kinda miss talking to you,Yes
are you available for a quick call?... 😂,No
WHAT’S THE STATUS ON THE TICKET???,No
i’ll loop you into the email! 🙂,No
it’s nice talking to you,Yes
why you so cute tho...,Yes
YOU’RE A GOOD TEAMMATE!,No
you’re really reliable,No
i’ll loop you into the email! 🙃,No
DON’T MAKE ME CATCH FEELINGS 😅,Yes
highkey what’s the status on the ticket???,No
 let me know once it’s fixed !,No
you free tonight? just us 😏 🥲,Yes
you’re   trouble 😅?? 🙃,Yes
bruh   movie night? just you + me   ! 😅,Yes
sooo i’m glad  we   talk like this,Yes
ok serious question… when are we hanging out just us??,Yes
are you available for a quick call? 😌,No
can you send me the slides later?,No
WHAT TIME IS THE MEETING TOMORROW?,No
Stoppp That’S Hilarious 😌,No
let  me know once it’s fixed! 😏,No
  Don’T Make Me Laugh In Public   ,No
sooo i keep thinking about you lol 😭,Yes
lol did you pay the bill yet?.. 👀,No
Please   Submit   The Form By Friday,No
   you handled that well ?? ✨,No
stoppp that’s hilarious 😂,No
you always message at the right time,Yes
fr   I LIKE YOUR PERSPECTIVE ON THIS  ,No
lowkey let me know once it’s fixed,No
please submit  the   form by friday,No
please submit the form by friday?! 😌,No
Can You Send Me The Slides Later? 👍,No
omg     Please Confirm The Address   ,No
are you available for a quick call?!,No
highkey    please confirm the address  💀,No
DID YOU PAY THE BILL YET? 😌,No
 Busy   Tonight  But If You’Re Free I Can Make Time    😅,Yes
send me the file later pls… btw you looked really good today,Yes
  can you review this PR when you get a chance?  😌,No
i keep thinking about you lol,Yes
i like   our talks,Yes
lmao  i didn’t expect to enjoy this convo so much  ,Yes
"   thanks for helping earlier, i owe you dinner sometime 😏  ",Yes
I WISH YOU WERE HERE RN ✨,Yes
CAN YOU REVIEW THIS PR WHEN YOU GET A CHANCE?,No
bet can you send me the slides later?,No
you’re easy to work with...,No
WHAT’S THE STATUS ON THE TICKET?,No
"thanks for helping earlier, i owe you dinner sometime 😏",Yes
bet  i’m trying to focus but you’re distracting me  ,Yes
   what’s the status on the ticket?  ,No
   i keep thinking about you lol ,Yes
busy tonight but if you’re free i can make time,Yes
   don’t make me laugh in public  🤝,No
please confirm the address,No
 i’ll loop you into the email   !,No
Stoppp You’Re Making Me Smile 💀,Yes
That Made My Day (Thanks For Helping) ✨,No
did   you pay  the bill yet?,No
  can you send me the slides later? ,No
highkey what  time   is the meeting tomorrow? lowkey wanna grab coffee w you after,Yes
i’ll loop you into the email,No
      please confirm the address  ..,No
what’s the status on the ticket?,No
I DIDN’T EXPECT TO ENJOY THIS CONVO SO MUCH,Yes
don’t make me catch feelings,Yes
please confirm the address,No
   i’m trying to be chill but you’re making it hard  ,Yes
"i’m not flirting, i’m just being nice",No
 please submit the form by friday   ! 👀,No
 you free tonight? just us 😏    ✨,Yes
sooo    what time is the meeting tomorrow?  ... 😭,No
lol You’Re A Good Teammate,No
"i like you. like, like you",Yes
you’re making this convo dangerously fun 👀,Yes
YOU   MAKE   MY DAY FEEL LIGHTER 🙃,Yes
"Thanks For Helping Earlier, I Owe You Dinner Sometime 😏.. 🤝",Yes
lmao GOOD THINKING,No
send me the file later pls… btw you looked really good today 🙂,Yes
   if you were here i’d be happier  ?!,Yes
idk That  Made   My Day (Thanks For Helping) 😏,No
lol if you were here you could help me move furniture,No
 Can You Send Me The Slides Later?   ,No
"i’m not flirting, i’m just being nice",No
  WE  SHOULD HANG SOMETIME WITH EVERYONE ,No
  YOU’VE GOT GOOD ENERGY IN MEETINGS   😏,No
sooo ok you’re kinda cute but whatever??,Yes
i like your perspective on this 🙏,No
i should  sleep but i wanna keep talking to you,Yes
omg You’Re Making This Convo Dangerously Fun,Yes
"thanks   for helping earlier, i owe you dinner sometime 😏",Yes
lowkey I LIKE OUR TALKS,Yes
   don’t make me laugh in public   😅,No
bruh STOP BEING SO ATTRACTIVE,Yes
sooo    i’m trying to be chill but you’re making it hard  😌,Yes
tbh please confirm the address,No
thanks for jumping on that quickly,No
   are you available for a quick call?    😅,No
idk   DON’T MAKE ME CATCH FEELINGS ,Yes
you’re easy to work with 😏,No
 you explain things clearly  💀,No
bet  i’ll loop you into the email ,No
  you’re a good teammate  ,No
did you finish the report? also i kinda miss talking to you..,Yes
this is random but i’m happy we’re talking... ✨,Yes
this is random but i’m happy we’re talking,Yes
nah THANKS FOR THE UPDATE??,No
"i’m trying to be chill, work’s stressing me out 🙃",No
I’M Fine 😌 Just Thinking About You A Bit??,Yes
appreciate you helping out 😭,No
I Wish You Were Here Rn,Yes
Thanks For Jumping On That Quickly 😌,No
That’S A Solid Point,No
I’M Fine 😌 Just Thinking About You A Bit,Yes
what   time is the meeting tomorrow?,No
fr you make my day feel lighter 😭,Yes
"thanks  for helping earlier, i owe you dinner sometime 😏",Yes
dinner? 1 on 1,Yes
nah    can you send me the slides later? ...,No
you explain things clearly,No
can you review this PR when you get a chance?,No
nah Let Me Know Once It’S Fixed,No
what  time is the meeting tomorrow? 😌,No
PLEASE CONFIRM THE ADDRESS 👀,No
"omg I’M Trying To Be Chill, Work’S Stressing Me Out 😌",No
what’s your ETA?,No
THANKS FOR JUMPING ON THAT QUICKLY,No
good thinking,No
tbh thanks for jumping on that quickly,No
  that made my day (thanks for helping)   ,No
you’re really reliable ✨,No
idk let me know once it’s fixed,No
CAN YOU SEND ME THE SLIDES LATER?,No
did you pay the bill yet? 🥲,No
nah you’re really reliable,No
you always message at the right time,Yes
 can you send me the slides later?  ,No
bet you’re kinda becoming my favourite notification,Yes
  YOU’RE KINDA BECOMING MY FAVOURITE NOTIFICATION ,Yes
   if you were here you could help me move furniture ,No
please confirm the address,No
Don’T Make Me Catch Feelings 👍,Yes
      we  should hang sometime with everyone ,No
ngl we should hang sometime with everyone...,No
   please confirm the address    😏,No
stop being so attractive 💀,Yes
 I’Ll Loop You Into The Email  ??,No
nah you’re different in a good way,Yes
 if you were here you could help me move furniture  ,No
"thanks for helping earlier, i owe you dinner sometime 😏",Yes
  if you were here i’d be happier ,Yes
what time is the meeting tomorrow? 👍,No
"  thanks for helping earlier, i owe you dinner sometime 😏   ! 😌",Yes
did you pay the bill yet? 😭,No
ok you’re kinda cute but whatever,Yes
 I’LL LOOP YOU INTO THE EMAIL  🙂,No
you always message at the right time 👀,Yes
i like our talks,Yes
did you finish the report? also i kinda miss talking to you?!,Yes
NGL I MISS YOU,Yes
highkey it’s nice talking to you 👍,Yes
lmao    let me know once it’s fixed    😭,No
DID YOU FINISH THE REPORT? ALSO I KINDA MISS TALKING TO YOU,Yes
GOOD THINKING,No
can you review this PR when you get a chance?,No
ngl  thanks for the update  ,No
i’m trying to focus but you’re distracting me..,Yes
"   i’m trying to be chill, work’s stressing me out  ",No
can you review this PR when you get a chance? 😭,No
you’re easy to work with,No
     that made my day (thanks for helping)    🥲,No
highkey    I LIKE YOUR PERSPECTIVE ON THIS   ,No
  i didn’t expect to enjoy this convo so much  ,Yes
what time is the meeting tomorrow?,No
bet      your feedback was really helpful  ✅,No
NICE WORK ON THE PRESENTATION..,No
   let  me   know once it’s fixed  ,No
I’M Trying To Be Chill But You’Re Making It Hard,Yes
great job today,No
  let me know once it’s fixed ,No
what’s your ETA? 😭,No
you make my day feel lighter...,Yes
omg WHAT TIME IS THE MEETING TOMORROW???,No
what time is the meeting tomorrow? lowkey wanna grab coffee w you after,Yes
nah if you were here you could help me move furniture 😂,No
   WHY YOU SO CUTE THO   ,Yes
I SHOULD SLEEP BUT I WANNA KEEP TALKING TO YOU,Yes
lol ngl i miss you.. 😂,Yes
thanks,
nice work on the presentation,No
i’m trying to focus but you’re distracting me,Yes
That’S A Solid Point 😌,No
I’Ll Loop You Into The Email 👍,No
we should hang sometime with everyone 😌,No
We Should Hang Sometime With Everyone,No
good thinking?!,No
   you handled that well  ,No
"good discussion earlier, thanks",No
what time is the meeting tomorrow?,No
ok serious question… when are we hanging out just us,Yes
lowkey   i keep thinking about you lol    😌,Yes
can you review this PR when you get a chance?...,No
did you finish the report? also i kinda miss talking to you 🤝,Yes
     CAN YOU REVIEW THIS PR WHEN YOU GET A CHANCE? !,No
idk    send me the file later pls… btw you looked really good today   ,Yes
omg What’S The Status On The Ticket? 😏,No
nah i’m fine 😌 just thinking about you a bit,Yes
thanks for the update,No
you’ve   got  good  energy in meetings,No
i wish you were here rn?!,Yes
what’s the status on the ticket??? 🙂,No
"good discussion earlier, thanks",No
SEND ME THE FILE LATER PLS… BTW YOU LOOKED REALLY GOOD TODAY?!,Yes
sooo what time is the meeting tomorrow?,No
i didn’t expect to enjoy this convo so much,Yes
idk  can you send me the slides later?  !,No
"i’m trying to be chill, work’s stressing me out?? 🙃",No
i keep thinking about you lol,Yes
tbh great job today! 😭,No
if you were here you could help me move furniture 🤝,Yes
did you finish the report? also i kinda miss talking to you,Yes
ngl i   feel really comfortable with you??,Yes
lol   this is random but i’m happy we’re talking   ,Yes
great job today,No
we should hang sometime with everyone,No
you explain things clearly?!,No
"  I’M NOT FLIRTING, I’M JUST BEING NICE ",No
please confirm the address.. 🥲,No
 can you review this PR when you get a chance? ,No
sooo why you so cute tho 🙃,Yes
YOU HANDLED THAT WELL,No
WHAT TIME IS THE MEETING TOMORROW?,No
   You’Re Making This Convo Dangerously Fun   ,Yes
   send  me   the file later pls… btw you looked really good today   ,Yes
i’m trying to focus but you’re distracting me,Yes
let me know once it’s fixed!,No
ngl you’re easy to work with.. 😅,No
fr you’re a good teammate,No
nah  ok serious question… when are we hanging out just us  🥲,Yes
what’s your ETA?,No
are you available for a quick call?,No
I Wish You Were Here Rn 😅,Yes
Thanks  For Jumping On That Quickly,No
what’s the status on the ticket? 😌,No
 why you so cute tho ,Yes
   you’re really reliable ,No
  if you were here you could help me move furniture ,No
OK SERIOUS QUESTION… WHEN ARE WE HANGING OUT JUST US ✨,Yes
"good  discussion  earlier, thanks 🙃",No
"THANKS FOR HELPING EARLIER, I OWE YOU DINNER SOMETIME 😏 😂",Yes
you’re funny lol,No
  please submit the form by friday ,No
  i  like our talks  ,Yes
I  FEEL REALLY COMFORTABLE WITH YOU,Yes
   if you were here you could help me move furniture  ,No
nice work on the presentation ✨,No
tbh    you’re trouble 😅    ✨,Yes
lol please confirm the address,No
    i should sleep but i wanna keep talking to you  ,Yes
what’s your ETA?,No
"good discussion earlier, thanks",No
"I’M Trying To Be Chill, Work’S Stressing Me Out..",No
you handled that well 🙏,No
if you were here you could help me move furniture!,No
You’Re Different In A Good Way,Yes
 send me the file later pls… btw you looked really good today    😂,Yes
omg      you’re really reliable ??,No
you’re really reliable?!,No
bruh  i’m trying to be chill but you’re making it hard  ,Yes
you’re trouble 😅 🤝,Yes
dinner? 1 on 1 🥲,Yes
Ok You’Re   Kinda Cute But Whatever,Yes
 i’ll loop you into the email   ,No
  I SHOULD SLEEP BUT I WANNA KEEP TALKING TO YOU ,Yes
 It’S Nice Talking To You  ,Yes
you’re trouble 😅,Yes
thanks   for jumping on that quickly,No
fr    you handled that well   ,No
what’s the status on the ticket? ✅,No
you explain things clearly...,No
  PLEASE CONFIRM THE ADDRESS ,No
 if you were here you could help me move furniture  💀,No
can you send me the slides later?,No
did you finish the report? also i kinda miss talking to you?!,Yes
"fr i’m not flirting, i’m just being nice 😭",No
busy tonight but if you’re free i can make time 😭,Yes
    i’ll loop you into the email   🤝,No
PLEASE CONFIRM THE ADDRESS,No
 WHAT TIME IS THE MEETING TOMORROW? ,No
we  should  hang sometime… just saying,Yes
bruh good thinking?! 👍,No
  please confirm the address   ,No
"THANKS FOR HELPING EARLIER, I OWE YOU DINNER SOMETIME 😏 💀",Yes
ngl nice work on the presentation 💀,No
good  thinking,No
why you so cute tho,Yes
you’re really reliable,No
stoppp that’s  hilarious,No
CAN YOU SEND ME THE SLIDES LATER? 🥲,No
i’ll loop you into the email,No
   you make my day feel lighter   ?? 🤝,Yes
you always message at the right time,Yes
idk CAN YOU REVIEW THIS PR WHEN YOU GET A CHANCE???,No
did you finish the report? also i kinda miss talking to you 💀,Yes
lmao can you review this PR when you get a chance?!,No
Why You So Cute Tho 💀,Yes
"good discussion earlier, thanks",No
I  SHOULD SLEEP BUT I WANNA KEEP TALKING TO YOU,Yes
WHAT TIME IS THE MEETING TOMORROW?,No
Did You Pay The Bill Yet??! 😌,No
  what time is the meeting tomorrow? lowkey wanna grab coffee w you after   😏,Yes
highkey you’re a good teammate,No
omg    what’s your ETA?  ??,No
idk    I’LL LOOP YOU INTO THE EMAIL ...,No
sooo YOU HANDLED THAT WELL??,No
omg you free tonight? just us 😏,Yes
you’re trouble 😅,Yes
  can you send me the slides later? ,No
This Is Random But I’M Happy We’Re Talking,Yes
   I Like Our Talks  ...,Yes
omg Are You Available For A Quick Call? 👍,No
 i feel really comfortable with you  😭,Yes
bruh    please confirm the address  ?!,No
lmao you make my day feel lighter,Yes
I Keep Thinking About You Lol 😭,Yes
   If You Were Here I’D Be Happier  😌,Yes
that’s a solid point 👀,No
i feel really comfortable with you,Yes
It’S Nice Talking To You,Yes
i should sleep but i wanna keep talking to you.. 🙂,Yes
idk  please confirm the address ,No
nah    i’m fine 😌 just thinking about you a bit ,Yes
omg i keep thinking about you lol??,Yes
  i didn’t expect to enjoy this convo so much  ...,Yes
you’ve  got good energy in meetings 🙃,No
idk don’t make me laugh in public 👀,No
 you’re making this convo dangerously fun   ,Yes
let me know once it’s fixed,No
you’re   funny   lol,No
you’re different in a good way,Yes
come over if you want 👀 💀,Yes
You’Ve Got Good Energy In Meetings 🤝,No
  if you were here you could help me move furniture ,No
  COME OVER IF YOU WANT 👀   🥲,Yes
 Ngl   I Miss You  ,Yes
what’s the status on the ticket? ✅,No
you’re kinda becoming my favourite notification,Yes
tbh    Don’T Make Me Catch Feelings  ,Yes
,Yes
highkey    CAN YOU REVIEW THIS PR WHEN YOU GET A CHANCE?   ,No
stop being so attractive,Yes
omg did you finish the report? also i kinda miss talking to you...,Yes
IT’S NICE TALKING TO YOU,Yes
    your feedback was really helpful    👀,No
we should hang sometime with everyone,No
i’m glad we talk like this,Yes
sooo   did you pay the bill yet? ,No
"ngl Good  Discussion Earlier, Thanks",No
you’re  easy to work with 🤝,No
  we should hang sometime with everyone  ,No
you’re easy to work with 😏,No
lowkey your feedback was really helpful,No
 can you review this PR when you get a chance?   ,No
 this is random but i’m happy we’re talking  ,Yes
"   good discussion earlier, thanks  ",No
let me  know  once it’s fixed,No
stop being so attractive 🙃,Yes
bet send me the file later pls… btw you looked really good today,Yes
highkey you’re a good teammate 🙏,No
sooo it’s nice talking to you..,Yes
lol send   me the file later pls… btw you looked really good today,Yes
highkey great job today,No
  Thanks For The Update   .. 👀,No
   i’m fine 😌 just thinking about you a bit  ,Yes
  can   you review this PR when you get a chance? ,No
bruh thanks for the update 😌,No
thanks for jumping on that quickly,No
YOU’VE GOT GOOD ENERGY IN MEETINGS 😏,No
i feel really comfortable with you,Yes
come over if you want 👀,Yes
omg   send me  the file later pls… btw you looked really good today    🥲,Yes
nice work on the presentation..,No
  Stop Being So Attractive ,Yes
tbh can you send me the slides later??! 👍,No
i didn’t expect to enjoy this convo so much??,Yes
highkey i should sleep but i wanna keep talking to you,Yes
what time is the meeting tomorrow?,No
thanks for the update,No
   PLEASE SUBMIT THE FORM BY FRIDAY  ,No
i’m fine 😌 just thinking about you a bit 😅,Yes
did you pay the bill yet? 😌,No
lmao CAN YOU SEND ME THE SLIDES LATER?,No
 you’re really reliable  ..,No
Can You Review This Pr When You Get A Chance?..,No
That Made My Day (Thanks For Helping) 🥲,No
  Can You Send Me The Slides Later?   ??,No
Please Submit The Form By Friday,No
 Thanks   For  The Update  ,No
   you make my day feel lighter   ,Yes
Can You Review This Pr When You Get A Chance?,No
 i’m fine 😌 just thinking about you a bit   😅,Yes
I’Ll Loop You Into The Email,No
what’s your ETA? 🙏,No
Don’T Make Me Laugh In Public 🙏,No
i’m trying to focus but you’re distracting me,Yes
highkey did you pay the bill yet?,No
YOU’RE TROUBLE 😅 💀,Yes
please confirm the address,No
I Keep Thinking About You Lol?! 👍,Yes
what time   is the meeting tomorrow? lowkey wanna grab coffee w you after,Yes
stop  being so attractive,Yes
"I’M  Not Flirting, I’M Just Being Nice",No
  OK   YOU’RE KINDA CUTE BUT WHATEVER   !,Yes
I’M TRYING TO BE CHILL BUT YOU’RE MAKING IT HARD,Yes
are you available for a quick call? 🙃,No
omg Nice Work On The Presentation,No
i’ll loop you into the email,No
bruh   appreciate you helping out .. ✨,No
Let Me Know Once It’S Fixed??,No
you handled that well,No
what’s your ETA?,No
ngl Did You Pay The Bill Yet? 😭,No
I’M Fine 😌 Just Thinking About You A Bit??,Yes
  what’s the status on the ticket?   ,No
thanks for jumping on that quickly??,No
DINNER? 1 ON 1..,Yes
you’re really reliable,No
bruh  if you were here i’d be happier    😅,Yes
please confirm the address,No
       you free tonight? just us 😏   ,Yes
your  feedback was really helpful,No
you’re really reliable,No
  did you finish the report? also i kinda miss talking to you   ✅,Yes
ngl i’ll loop you into the email,No
GOOD THINKING,No
i’ll loop you into the email.. 🙃,No
don’t make me laugh in public,No
busy tonight but if you’re free i can make time,Yes
please submit the form by friday 🙃,No
kinda you’re making this convo dangerously fun,Yes
i didn’t expect to enjoy this convo so much,Yes
stop being so attractive,Yes
bruh i’ll loop you into the email...,No
fr did  you   pay   the bill yet?,No
   GREAT JOB TODAY   ,No
highkey    ARE YOU AVAILABLE FOR A QUICK CALL? !,No
fr Ok You’Re Kinda Cute But Whatever 😭,Yes
Don’T   Make  Me Catch Feelings,Yes
YOU ALWAYS MESSAGE AT THE RIGHT TIME,Yes
highkey  DID YOU FINISH THE REPORT? ALSO I KINDA MISS TALKING TO YOU   ?! 😏,Yes
what’s the status on the ticket?,No
"   thanks for helping earlier, i owe you dinner sometime 😏   ",Yes
don’t make me laugh in public,No
"lowkey    good discussion earlier, thanks   👍",No
LET ME KNOW ONCE IT’S FIXED,No
   WHAT’S YOUR ETA?   ,No
lowkey you’re  easy   to   work with,No
are you available for a quick call?,No
NGL I MISS YOU,Yes
tbh what time is the meeting tomorrow?..,No
 Did You Pay The Bill Yet?   🙂,No
   OK SERIOUS QUESTION… WHEN ARE WE HANGING OUT JUST US   ... 💀,Yes
Dinner? 1 On 1 ✅,Yes
ngl YOU ALWAYS MESSAGE AT THE RIGHT TIME,Yes
You’Re Funny Lol,No
come over if you want 👀 🙂,Yes
we should hang sometime with everyone,No
  i’m trying to focus but you’re distracting me ,Yes
please submit the form by friday,No
 did you pay the bill yet? ,No
Come Over If You Want 👀 🤝,Yes
ngl  send me the file later pls… btw you looked really good today   ,Yes
  YOU HANDLED THAT WELL  ,No
  you’ve got good energy in meetings    🙂,No
YOU FREE TONIGHT? JUST US 😏 👍,Yes
bet send me the file later pls… btw you looked really good today,Yes
What’S The Status On The Ticket?,No
"bruh   good discussion earlier, thanks  ",No
 ok serious question… when are we hanging out just us   👀,Yes
i didn’t expect to enjoy this convo so much,Yes
LET ME KNOW ONCE IT’S FIXED,No
lol you’ve got good energy in meetings 🙂,No
ngl are you available for a quick call?,No
ok serious question… when are we hanging out just us 👍,Yes
Movie Night? Just You + Me...,Yes
nah    send me the file later pls… btw you looked really good today   ,Yes
"thanks for helping earlier, i owe you dinner sometime 😏 👀",Yes
ok serious question… when are we hanging out just us,Yes
you handled that well 😅,No
"i like you. like, like you",Yes
WE SHOULD HANG SOMETIME WITH EVERYONE..,No
kinda you’ve got good energy in meetings,No
   NGL I MISS YOU  ,Yes
 what time is the meeting tomorrow? ,No
COME OVER IF YOU WANT 👀,Yes
   please confirm the address ,No
i’ll   loop you into the email?? 💀,No
You’Re Funny Lol,No
bruh are you available for a quick call?... ✨,No
I’LL   LOOP YOU INTO THE EMAIL,No
please submit the form by friday,No
bruh  please submit the form by friday   ✅,No
what’s   the   status on the ticket?,No
what time is the meeting tomorrow?,No
 ok serious question… when are we hanging out just us   ! 😭,Yes
If You Were Here You Could Help Me Move Furniture?!,No
"i’m not flirting, i’m just being nice",No
can  you send me the slides later?,No
"thanks for helping earlier, i owe you dinner sometime 😏..",Yes
kinda if you were here you could help me move furniture,No
lowkey I KEEP THINKING ABOUT YOU LOL 🙏,Yes
great job today,No
   we should hang sometime with everyone    ✨,No
   you always message at the right time ,Yes
 you free tonight? just us 😏    ✨,Yes
sooo are you available for a quick call?,No
why you so cute tho,Yes
bruh  dinner? 1 on 1  ,Yes
ngl LET ME KNOW ONCE IT’S FIXED...,Yes
thanks for the update ✅,No
nice  work on the presentation 🥲,No
nah what’s the status on the ticket?,No
lol    ARE YOU AVAILABLE FOR A QUICK CALL?   🤝,No
lol please submit the form by friday?!,No
  IF YOU WERE HERE YOU COULD HELP ME MOVE FURNITURE  ,No
don’t make me laugh in public,No
that made my day (thanks for helping),No
STOPPP  THAT’S   HILARIOUS,No
can you review this PR when you get a chance? 🙂,No
great job today,no
 you’re a good teammate   ,No
IF YOU WERE HERE YOU COULD HELP ME MOVE FURNITURE..,No
i didn’t expect to enjoy this convo so much,Yes
please confirm   the address 😂,No
   busy tonight but if you’re free i can make time ,Yes
nah if you were here you could help me move furniture... 👀,No
lol   I’M Not Flirting… But ...,Yes
what time is the meeting tomorrow?,No
     Come Over If You Want 👀 ,Yes
      Did You Finish The Report? Also I Kinda Miss Talking To You ,Yes
that   made   my day (thanks for helping).. 💀,No
thanks for the update,No
  please submit the form by friday   🙂,No
You’Re Easy To Work With..,No
Let Me Know Once It’S Fixed..,No
bruh What’S Your Eta? 🙏,No
  stoppp you’re making me smile  ✨,Yes
nice work on the presentation ✨,No
that   made   my  day (thanks for helping),No
tbh please   submit  the form by friday,No
" i’m not flirting, i’m just being nice  ",No
You Make My Day Feel Lighter?! 😂,Yes
WHAT’S THE STATUS ON THE TICKET?,No
"i like you. like, like you 🥲",Yes
movie night? just you + me,Yes
lol this is random but i’m happy we’re talking 😏,Yes
why  you   so   cute tho..,Yes
YOU’RE  MAKING   THIS   CONVO DANGEROUSLY FUN?! 💀,Yes
  YOU’RE FUNNY LOL   🙏,No
sooo    you’re easy to work with    😏,No
   you’ve got good energy in meetings   ,No
  don’t make me laugh in public   ,No
can you send me the slides later?,No
   you’ve got good energy in meetings  🙂,No
lowkey CAN  YOU REVIEW THIS PR WHEN YOU GET A CHANCE?,No
you’re really reliable,No
it’s nice talking to you,Yes
bet   i’m fine 😌 just thinking about you a bit  ,Yes
kinda   Dinner? 1 On 1 ?? 💀,Yes
stoppp you’re making me smile! 😏,Yes
WE SHOULD HANG SOMETIME WITH EVERYONE??,No
Please Confirm The Address,No
"   i’m trying to be chill, work’s stressing me out    😌",No
you  free   tonight?  just us 😏,Yes
GREAT JOB TODAY,No
what’s your ETA?,No
lol   I Feel Really Comfortable With You ...,Yes
did you finish the report? also i kinda miss talking to you,Yes
I’M Trying To Focus But You’Re Distracting Me,Yes
"tbh i’m trying to be chill, work’s stressing me out",No
 you’re a good teammate   ✅,No
bet you make my day feel lighter,Yes
please confirm the address,No
   i’m glad we talk like this   ! 🙃,Yes
fr What Time Is The Meeting Tomorrow?,No
if you were here you could help me move furniture,No
 what time is the meeting tomorrow? lowkey wanna grab coffee w you after    🙃,Yes
you’re really reliable...,No
what’s the status on the ticket? ✅,No
please confirm the address 🙂,No
tbh IF YOU WERE HERE YOU COULD HELP ME MOVE FURNITURE,No
    stoppp you’re making me smile   ?! ✨,Yes
stoppp you’re making me smile,Yes
fr    i like your perspective on this  ,No
omg YOU’RE A  GOOD TEAMMATE,No
 movie night? just you + me ,Yes
lol we should hang sometime with everyone ✨,No
   you free tonight? just us 😏  😂,Yes
    Did You Pay The Bill Yet?   ,No
i’m not flirting… but,Yes
"  thanks for helping earlier, i owe you dinner sometime 😏  ",Yes
let me know once it’s fixed!,No
   WHAT TIME IS THE MEETING TOMORROW?  😏,No
I FEEL REALLY COMFORTABLE WITH YOU...,Yes
DON’T MAKE ME LAUGH IN PUBLIC 🙃,No
you’re making this convo dangerously fun,Yes
ngl LET ME KNOW ONCE IT’S FIXED...,No
You’Ve Got Good Energy In Meetings...,No
tbh YOU’RE REALLY RELIABLE 🤝,No
ngl busy tonight but if you’re free i can make time,Yes
bruh you’re trouble 😅,Yes
please submit the form by friday 😌,No
"kinda i’m not flirting, i’m just being nice",No
what’s the status on the ticket?,No
"omg thanks for helping earlier, i owe you dinner sometime 😏",Yes
fr What Time Is The Meeting Tomorrow? 🤝,No
appreciate you helping   out,No
I’M   TRYING TO FOCUS BUT YOU’RE DISTRACTING ME,Yes
fr don’t make me laugh in public,No
what’s the status on the ticket?,No
lowkey I’M FINE 😌 JUST THINKING ABOUT YOU A BIT 🥲,Yes
please confirm the address,No
kinda you’re making this convo dangerously fun,Yes
  that’s a solid point  ✅,No
   did you pay the bill yet?  👍,No
lmao that’s a solid point,No
can you review this PR when you get a chance?,No
lol ok serious question… when are we hanging out just us 👍,Yes
i’m trying to focus but you’re distracting me,Yes
highkey you’re a good teammate,No
good thinking ✅,No
great job today...,No
it’s nice talking to you,Yes
 movie night? just you + me ??,Yes
nice work on the presentation,No
"good discussion earlier, thanks",No
dinner? 1 on 1,Yes
OK SERIOUS QUESTION… WHEN ARE WE HANGING OUT JUST US,Yes
what time is the meeting tomorrow? ✅,No
bet   i didn’t expect to enjoy this convo so much  ,Yes
bruh you’re making this convo dangerously fun... 🙃,Yes
Don’T Make Me Catch Feelings,Yes
     Send Me The File Later Pls… Btw You Looked Really Good Today   ,Yes
highkey did you pay the bill yet?,No
    what’s your ETA? ,No
I SHOULD SLEEP BUT I WANNA KEEP TALKING TO YOU 😭,Yes
ngl I’M Glad We Talk Like This 😅,Yes
omg You’Re  Making  This   Convo Dangerously Fun 😭,Yes
what  time is   the meeting tomorrow? lowkey wanna grab coffee w you after 🥲,Yes
sooo you free tonight? just us 😏 😌,Yes
i like your perspective on this 🥲,No
highkey    you handled that well ,No
   can you review this PR when you get a chance?  ,No
"   i’m   not flirting, i’m just being nice   ",No
omg    what’s your ETA?  ?! 👀,No
kinda please submit the form by friday,No
highkey   PLEASE SUBMIT THE FORM BY FRIDAY   ,Yes
sooo this is random but i’m happy we’re talking,Yes
thanks for the update?? 💀,No
stop being so attractive..,Yes
WE SHOULD HANG SOMETIME… JUST SAYING?! 💀,Yes
can you review this PR when you get a chance?.. 🙃,No
send me the file later pls… btw you looked really good today ✅,Yes
please confirm the address 🙃,No
  you explain things clearly    😂,No
   dinner? 1 on 1  ,Yes
you’re kinda becoming my favourite notification...,Yes
  you’re easy to work with   ...,No
 What Time Is The Meeting Tomorrow? Lowkey Wanna Grab Coffee W You After  🙃,Yes
   you’ve got good energy in meetings ,No
i’ll loop you into the email 😅,No
highkey   what’s your ETA? ,No
You’Re Funny Lol 🙏,No
good thinking 😏,No
I DIDN’T EXPECT TO ENJOY THIS CONVO SO MUCH,Yes
what’s your ETA?,No
Appreciate  You  Helping Out,No
"  i’m trying to be chill, work’s stressing me out  !",No
YOU’RE FUNNY LOL 😭,No
you’re funny   lol,No
This Is Random But I’M Happy We’Re Talking,Yes
 can you review this PR when you get a chance?   ,No
   WHAT’S THE STATUS ON THE TICKET?   ,No
   great job today ?!,No
nah did you pay the bill yet?,No
let me know once it’s fixed,No
lol don’t make me catch feelings 😂,Yes
Don’T Make Me Laugh In Public 💀,No
   thanks for the update  ,No
If You Were Here You Could Help Me Move Furniture,No
let me know once it’s fixed!,No
"good discussion earlier, thanks 😂",No
   it’s nice talking to you ,Yes
  can you review this PR when you get a chance? ,No
if you were here you could help me move furniture,No
"sooo i’m not flirting, i’m just being nice",No
     can you send me the slides later?  ,No
   i like your perspective on this   ?!,No
i keep thinking about you lol 🙏,Yes
lol i’m trying to focus but you’re distracting me 🙂,Yes
thanks for jumping on that quickly... ✅,No
lmao  i like our talks   ,Yes
 i feel really comfortable with you  ,Yes
ngl i miss you! 👀,Yes
i’m trying to focus but you’re distracting me 🙂,Yes
"lol   THANKS FOR HELPING EARLIER, I OWE YOU DINNER SOMETIME 😏  ",Yes
  What Time Is The Meeting Tomorrow?   ... 🤝,No
stoppp you’re making me smile 👀,Yes
sooo WE SHOULD HANG SOMETIME… JUST SAYING,Yes
come over if you want 👀 👍,Yes
nah i’m not flirting… but 👍,Yes
  what’s the status on the ticket?  ✨,No
i  wish   you were here rn,Yes
   you’re kinda becoming my favourite notification    🤝,Yes
please confirm the address?!,No
YOU’RE FUNNY LOL 👀,No
Please Submit The Form By Friday 😅,No
Your Feedback Was Really Helpful,No
bet I’M Trying To Be Chill But You’Re Making It Hard 🙏,Yes
ngl it’s nice talking to you,Yes
sooo You Always Message At The Right Time,Yes
lmao  what time is the meeting tomorrow?   ,No
busy   tonight but if you’re free i can make time?!,Yes
 that made my day (thanks for helping)  😂,No
please submit the form by friday,No
bet You’Re Making This Convo Dangerously Fun,Yes
what time is the meeting tomorrow? lowkey wanna grab coffee w you after..,Yes
   why you so cute tho ,Yes
You  Free  Tonight? Just Us 😏 😏,Yes
your feedback was really helpful.. 🙏,No
you’re really reliable,No
  What Time Is The Meeting Tomorrow? Lowkey Wanna Grab Coffee W You After  ...,Yes
lmao   GREAT JOB TODAY ,No
Stoppp You’Re Making Me Smile 😂,Yes
please confirm the address 🙃,No
   please confirm the address   ,No
  Busy Tonight But If You’Re Free I Can Make Time   ,Yes
don’t make me catch feelings!,Yes
Are You Available For A Quick Call? ✅,No
i keep thinking about you lol,Yes
fr that  made my day (thanks for helping)?!,No
did you pay the bill yet? 👍,No
you handled that well,No
lowkey APPRECIATE YOU HELPING OUT 🤝,No
great job today,No
"THANKS FOR HELPING EARLIER, I OWE YOU DINNER SOMETIME 😏",Yes
that made my day (thanks for helping),No
i feel really comfortable with you,Yes
  good thinking ,No
stop being so attractive,No
nah we should hang sometime… just saying,Yes
 I’M TRYING TO BE CHILL BUT YOU’RE MAKING IT HARD  🙏,Yes
You’Re Making This Convo Dangerously Fun,Yes
   i’ll loop you into the email    🥲,No
can you send me the slides later? 💀,No
i didn’t expect to enjoy this convo so much 🙏,Yes
"good discussion earlier, thanks?! 🙂",No
     I’M Glad We Talk Like This   ,Yes
OK YOU’RE KINDA CUTE BUT WHATEVER?!,Yes
Busy Tonight But If You’Re Free I Can Make Time,Yes
Can You Review This Pr When You Get A Chance? 😭,No
kinda DID   YOU  PAY   THE BILL YET?,No
lowkey      PLEASE SUBMIT THE FORM BY FRIDAY ,No
 GREAT JOB TODAY   ?!,No
nah You’Re   Funny Lol??,No
   please submit the form by friday  ✅,No
 send me the file later pls… btw you looked really good today    🤝,Yes
you free tonight? just us 😏,Yes
that made my day (thanks for helping)??,No
lowkey   i’m fine 😌 just thinking about you a bit   😅,Yes
"   i like you. like, like you  ??",Yes
i keep thinking about you lol 😏,Yes
"highkey i’m not flirting, i’m just being nice 😏",No
nah ngl i miss you,Yes
bruh you’ve got good energy in meetings,No
please submit the form by friday,No
 you’re a good teammate ?!,No
I  Didn’T Expect To Enjoy This Convo So Much,Yes
did you pay the bill yet?,No
   you explain things clearly   !,No
 DINNER? 1 ON 1   ,Yes
WHAT’S THE STATUS ON THE TICKET?...,No
i keep thinking about you lol,Yes
can you send me the slides later?,No
if you were here you could help me move furniture,No
tbh did you pay the bill yet? 😂,No
 i keep thinking about you lol   👀,Yes
 you’re making this convo dangerously fun  🥲,Yes
You Handled That Well,No
highkey   stop being so attractive   ,Yes
stoppp that’s hilarious,No
bet come over if you want 👀!,Yes
let me know once it’s fixed 🤝,No
appreciate you helping out...,No
  THAT MADE MY DAY (THANKS FOR HELPING)   ,No
ok serious question… when are we hanging out just us...,Yes
are you available for a quick call? ✨,No
nice  work   on the presentation!,No
if you were here you could help me move furniture,No
are you available for a quick call?,No
that made my day (thanks for helping)..,No
come over if you want 👀,Yes
ngl i’ll loop you into the email,No
sooo what time is the meeting tomorrow? lowkey wanna grab coffee w you after 👀,Yes
fr i’m fine 😌 just thinking about you a bit 😂,Yes
stop being so attractive,Yes
YOU’RE DIFFERENT IN A GOOD WAY,Yes
don’t make me catch feelings,Yes
if you were here you could help me move furniture! 👍,No
 come over if you want 👀   ,Yes
we should hang sometime with everyone??,No
bet   Nice Work On The Presentation ..,No
i like your perspective on this?? 👀,No
lowkey   you free tonight? just us 😏    👍,Yes
you free tonight? just us 😏,Yes
You Make My Day Feel Lighter 😌,Yes
  thanks for the update  ! 😭,No
i like our talks,Yes
"ngl  i’m not flirting, i’m just being nice  ",No
you’re kinda becoming my favourite notification,Yes
You’Ve Got Good Energy In Meetings 🙏,No
  did you finish the report? also i kinda miss talking to you   ,Yes
sooo ok you’re kinda cute but whatever 😏,Yes
I Wish You Were Here Rn,Yes
i’m trying to focus but you’re distracting me,Yes
what time is the meeting tomorrow?... 🙂,No
lowkey that made my day (thanks for helping).. ✅,No
  you’re easy to work with   ?? 😂,No
busy tonight but if you’re free i can make time ✅,Yes
ngl    send me the file later pls… btw you looked really good today    💀,Yes
bet If  You Were Here I’D Be Happier,Yes
you free tonight? just us 😏 😅,Yes
busy   tonight  but if you’re free i can make time...,Yes
  why you so cute tho   😂,Yes
 movie night? just you + me ??,Yes
    GOOD THINKING    😌,No
sooo are you available for a quick call?,No
"i’m trying to be chill, work’s stressing me out",No
idk ok serious question… when are we hanging out just us,Yes
you’re making this convo dangerously fun,Yes
lowkey  let me know once it’s fixed  🙏,No
You’Re A Good Teammate,No
you’re trouble 😅,Yes
if you were here you could help me move furniture 😌,No
THAT’S A SOLID POINT,No
i’m glad we talk like this 😭,Yes
it’s nice talking to you..,Yes
good thinking 😭,No
can you send me the slides later? 😏,No
   if you were here i’d be happier  ,Yes
  What’S Your Eta? ...,No
 you’re funny lol  ,No
ngl   i miss you,Yes
Stop Being So Attractive 👀,Yes
  you always message at the right time  !,Yes
"GOOD DISCUSSION EARLIER, THANKS",No
if you were here you could help me move furniture,No
   can you send me the slides later?  😂,No
are you available for a quick call? ✅,No
your feedback was really helpful?! 🤝,No
bruh please submit the form by friday??,No
highkey i wish you were here rn 👍,Yes
YOU’RE REALLY RELIABLE,No
bruh    YOU FREE TONIGHT? JUST US 😏   ,Yes
why you so cute tho!,Yes
you’ve got good energy in meetings,No
  Good Thinking   ...,Yes
that’s a solid point,No
 what’s  the   status on the ticket? ,No
what time is the meeting tomorrow?..,No
bruh you’re funny lol,No
tbh you’re funny lol 🙃,No
sooo you’re really reliable,No
you’re a good teammate 😅,No
you’re  easy to work with,No
lowkey OK SERIOUS QUESTION… WHEN ARE WE HANGING OUT JUST US 👀,Yes
  You’Ve Got Good Energy In Meetings   ?!,No
CAN YOU SEND ME THE SLIDES LATER? 👍,No
Ok You’Re Kinda Cute But Whatever 👍,Yes
lmao YOU’RE EASY TO WORK WITH... ✨,No
what time is the meeting tomorrow?,No
i keep thinking about you lol,Yes
you explain things clearly 😂,No
nice work on the presentation 👀,No
let me know once it’s fixed,No
that’s a solid point 🤝,No
lowkey you handled that well 💀,No
your  feedback  was  really helpful ✅,No
nice work on the presentation 🙂,No
ngl  i miss you!,Yes
"   thanks for helping earlier, i owe you dinner sometime 😏 !",Yes
what’s the status on the ticket? ✨,No
i  keep thinking about you lol?!,Yes
you’re kinda becoming my favourite notification 😅,Yes
highkey If You Were Here You Could Help Me Move Furniture,No
don’t  make  me laugh in public,No
thanks for the update,No
let me know once it’s fixed,No
you explain things clearly 👀,No
omg i   keep  thinking about you lol 👀,Yes
lmao Stop Being So Attractive 😭,Yes
YOU’RE EASY TO WORK WITH,No
i’ll loop you into the email,No
  did you finish the report? also i kinda miss talking to you   ??,Yes
ngl i like our talks,Yes
can you review this PR when you get a chance? 🙏,No
  GOOD THINKING ,No
we should hang sometime… just saying 💀,Yes
kinda Did You Finish The Report? Also I Kinda Miss Talking To You 😏,Yes
please confirm the address,No
stop being so attractive,Yes
thanks for the update..,No
sooo great job today 😅,No
Are You Available For A Quick Call??!,No
you’re  making  this convo dangerously fun,Yes
"  I Like You. Like, Like You  🙂",Yes
"  THANKS FOR HELPING EARLIER, I OWE YOU DINNER SOMETIME 😏  ",Yes
you’ve got good energy in meetings?! 👀,No
"bruh i’m trying to be chill, work’s stressing me out 👍",No
  what’s the status on the ticket?  ,No
i’m trying to be chill but you’re making it hard,Yes
i should sleep but i wanna keep talking to you 😭,Yes
fr  I’M NOT FLIRTING… BUT   ,Yes
Thanks For The Update,No
you’re   easy to work with,No
highkey you’re easy to work with 😌,No
I DIDN’T EXPECT TO ENJOY THIS CONVO SO MUCH,Yes
what’s the status on the ticket? 💀,No
   CAN YOU REVIEW THIS PR WHEN YOU GET A CHANCE?  ,No
that’s a solid point,No
what time is the meeting tomorrow? ✅,No
YOU’RE EASY TO WORK WITH,No
   come over if you want 👀  !,Yes
lol please submit the form by friday 🙃,No
thanks for the update,No
  i feel really comfortable with you   👍,Yes
   You Explain Things Clearly  ??,No
you’re different in a good way.. ✨,Yes
I  KEEP THINKING ABOUT YOU LOL,Yes
lowkey LET ME KNOW ONCE IT’S FIXED,No
busy tonight but if you’re free i can make time,Yes
please   confirm the address.. 😭,No
"thanks  for   helping earlier, i owe you dinner sometime 😏 😌",Yes
that made my day (thanks for helping),No
Thanks For The Update!,No
send me the file later pls… btw you looked really good today,Yes
lmao i feel really comfortable with you,Yes
you’re kinda becoming my favourite notification,Yes
can you review this PR when you get a chance?,No
"nah GOOD DISCUSSION EARLIER, THANKS??",No
WE SHOULD HANG SOMETIME WITH EVERYONE,No
i should sleep but i wanna keep talking to you,Yes
 I Like Your Perspective On This   ,No
  I Feel Really Comfortable With You !,Yes
lmao YOU’RE  A  GOOD TEAMMATE,No
"   i’m trying to be chill, work’s stressing me out ..",No
PLEASE SUBMIT THE FORM BY FRIDAY,No
 You’Re Really Reliable  ,No
YOU’VE GOT GOOD ENERGY IN MEETINGS?!,No
 you’re easy to work with  ,No
lowkey i’m trying to focus but you’re distracting me,Yes
"I’M Trying To Be Chill, Work’S Stressing Me Out..",No
 i’m trying to focus but you’re distracting me    😌,Yes
WHAT’S  THE STATUS ON THE TICKET? 🤝,No
What’S   Your   Eta?,No
lmao Send Me The File Later Pls… Btw You Looked Really Good Today 😏,Yes
i keep thinking about you lol 🙂,Yes
idk   i didn’t expect to enjoy this convo so much    💀,Yes
You’Re Easy To Work With 😅,No
   I’M Fine 😌 Just Thinking About You A Bit  ??,Yes
" i’m trying to be chill, work’s stressing me out ! 😌",No
  that made my day (thanks for helping)   ...,No
ok serious question… when are we hanging out just us,Yes
idk I  KEEP   THINKING ABOUT YOU LOL,Yes
what time is the meeting tomorrow? ✨,No
   please submit the form by friday   🙂,No
what time is the meeting tomorrow? lowkey wanna grab coffee w you after,Yes
did you finish the report? also i kinda miss talking to you,Yes
I’M Fine 😌 Just Thinking About You A Bit??,Yes
I’Ll Loop You Into The Email 😭,No
i keep thinking about you lol ✨,Yes
come over if you want 👀 💀,Yes
highkey ok you’re kinda cute but whatever 😅,Yes
      ngl  i miss you   ,Yes
can you review this PR when you get a chance?...,No
you’re different in a good way 😌,Yes
 you always message at the right time   🤝,Yes
YOU HANDLED THAT WELL..,No
you’re kinda becoming my favourite notification,Yes
  That’S A Solid Point  ,No
   come over  if you want 👀   🙂,Yes
did you pay the bill yet?,No
 Thanks For The Update  😏,No
"bruh I’M Trying To Be Chill, Work’S Stressing Me Out... 😏",No
highkey Can You Review This Pr When You Get A Chance?,No
ARE YOU AVAILABLE FOR A QUICK CALL?,No
nah I WISH YOU WERE HERE RN,Yes
 i should sleep but i wanna keep talking to you ,Yes
i didn’t expect to enjoy this convo so much 🤝,Yes
your feedback was really helpful,No
omg let me know once it’s fixed,No
thanks for the update,No
kinda THANKS FOR THE UPDATE! 💀,No
you’re easy to work with,No
i’m   trying  to be chill but you’re making it hard 👍,Yes
 what time is the meeting tomorrow? lowkey wanna grab coffee w you after ,Yes
"  thanks for helping earlier, i owe you dinner sometime 😏 ",Yes
i keep thinking about you lol,Yes
can you review this PR when you get a chance??!,No
tbh    you’re a good teammate   ,No
great job today?!,No
lol     what time is the meeting tomorrow? ,No
please  confirm   the address,No
if you were here you could help me move furniture 💀,No
" thanks for helping earlier, i owe you dinner sometime 😏   ",Yes
omg you’re  easy to work with 😅,No
"GOOD DISCUSSION EARLIER, THANKS",No
you’re different in a good way,Yes
   PLEASE SUBMIT THE FORM BY FRIDAY  ! 😏,No
send me the file later pls… btw you looked really good today,Yes
if you were here you could help me move furniture 😂,No
lowkey  why you so cute tho  ,Yes
don’t make me laugh in public 🥲,No
i   wish you were here rn ✨,Yes
lol what’s the status on the ticket???,No
lol what’s the status on the ticket?!,No
lol    did you finish the report? also i kinda miss talking to you ,Yes
" thanks for helping earlier, i owe you dinner sometime 😏   ..",Yes
YOU’RE REALLY RELIABLE,No
   thanks for the update ,No
i’m trying to focus but you’re distracting me ✨,Yes
if you were here you could help me move furniture..,No
Appreciate You Helping Out,No
why you so cute tho 💀,Yes
bet did you pay the bill yet?.. 👍,No
     you make my day feel lighter ,Yes
   CAN YOU REVIEW THIS PR WHEN YOU GET A CHANCE? ?! 🥲,No
lmao i feel really comfortable with you,Yes
  thanks for jumping on that quickly  ,No
stop being so attractive 😭,Yes
why you so cute tho,Yes
YOU’RE EASY TO WORK WITH,No
lmao I Didn’T Expect To Enjoy This Convo So Much,Yes
I’M FINE 😌 JUST THINKING ABOUT YOU A BIT...,Yes
"Thanks For Helping Earlier, I Owe You Dinner Sometime 😏?!",Yes
lmao YOUR FEEDBACK WAS REALLY HELPFUL?! 😏,No
let me know once it’s fixed,No
   did you finish the report? also i kinda miss talking to you   ,Yes
what time is the meeting tomorrow? lowkey wanna grab coffee w you after 🥲,Yes
"Good Discussion Earlier, Thanks",No
sooo STOPPP THAT’S HILARIOUS 😂,No
if you   were here you could help me move furniture!,No
that made my day (thanks for helping) 👍,No
bruh please confirm the address,No
omg you’re funny lol,No
idk YOU’RE KINDA BECOMING MY FAVOURITE NOTIFICATION,Yes
   are you available for a quick call?   ?!,No
come over if   you want 👀,Yes
that made my day (thanks for helping),No
kinda    Good Thinking    🙃,No
appreciate you   helping out,No
   thanks for jumping on that quickly  👀,No
highkey     BUSY TONIGHT BUT IF YOU’RE FREE I CAN MAKE TIME  👍,Yes
"tbh i’m trying to be chill, work’s stressing me out?? 🤝",No
You’Re  Making This Convo Dangerously Fun..,Yes
  are you available for a quick call? ??,No
    can you send me the slides later? ,No
"i’m trying to be chill, work’s stressing me out",No
i’ll loop you into the email,No
why you  so cute tho,Yes
you explain things clearly 🙏,No
thanks for jumping on that quickly 😭,No
you’re a good teammate 😅,No
   Let Me Know Once It’S Fixed ,No
"GOOD DISCUSSION EARLIER, THANKS!",No
lmao you’re making this convo dangerously fun 💀,Yes
i like your perspective on this 😏,No
thanks for the update 😌,No
You’Re Funny Lol 🥲,No
tbh      you’re kinda becoming my favourite notification  ?? 😂,Yes
Thanks For The Update,No
lmao PLEASE CONFIRM THE ADDRESS ✅,No
I’M TRYING TO FOCUS BUT YOU’RE DISTRACTING ME,Yes
what time is the meeting tomorrow? 😂,No
 BUSY TONIGHT BUT IF YOU’RE FREE I CAN MAKE TIME ,Yes
What’S The Status On The Ticket?,No
i like your perspective on this,No
please submit the form by friday,No
i’m not flirting… but 😂,Yes
kinda   appreciate you helping out  ??,No
fr PLEASE SUBMIT THE FORM BY FRIDAY,No
omg stoppp you’re making me smile,Yes
fr   good thinking   🙏,No
"thanks for helping earlier, i owe you dinner sometime 😏! 😏",Yes
  can you send me the slides later?   😏,No
good thinking,No
nah come over  if you want 👀,Yes
bet      Appreciate You Helping Out  ,No
bet you’re different in a good way,Yes
   ngl i miss you   👍,Yes
That’S A Solid Point,No
ok serious question… when are we hanging out just us,Yes
don’t make me catch feelings 🙃,Yes
busy tonight but if you’re free i can make time?!,Yes
let me know once it’s fixed,No
GOOD THINKING!,No
PLEASE CONFIRM THE ADDRESS,No
   movie night? just you + me ,Yes
lol   what’s your ETA?   👍,No
"omg i like you. like, like you 🙂",Yes
good thinking ✨,No
kinda   you’re really reliable  ,No
 WHAT TIME IS THE MEETING TOMORROW? LOWKEY WANNA GRAB COFFEE W YOU AFTER  ..,Yes
you’ve got good energy in meetings,No
that’s a solid point,No
"i like you. like, like you 😭",Yes
bruh GOOD THINKING...,No
lowkey let me know once it’s fixed,No
 what time is the meeting tomorrow?  ,No
highkey I’M TRYING TO FOCUS BUT YOU’RE DISTRACTING ME,Yes
Thanks For Jumping On That Quickly 🙃,No
     what time is the meeting tomorrow?   ,No
lowkey i   wish you were here rn,Yes
"I LIKE YOU. LIKE, LIKE YOU",Yes
bruh what’s the status on the ticket?..,No
kinda you’re easy to work with,No
lmao THAT MADE MY DAY (THANKS FOR HELPING),No
  THANKS FOR THE UPDATE   😅,No
please confirm the address,No
you’re funny lol,No
"i’m trying to be chill, work’s stressing me out",No
   i’ll loop you into the email    😭,No
you’ve got good energy in meetings?? ✨,No
what’s the status on the ticket?,No
 i’ll loop you into the email  !,No
"  THANKS FOR HELPING EARLIER, I OWE YOU DINNER SOMETIME 😏  ",Yes
i’ll loop you into the email??,No
nah thanks for  the update?! 🥲,No
  can you send me the slides later?  ,No
lmao i didn’t expect to enjoy this convo so much ✅,Yes
that made  my day (thanks for helping),No
lowkey   you’re making this convo dangerously fun ...,Yes
  it’s nice talking to you ,Yes
What’S Your   Eta?,No
sooo  please submit the form by friday ,No
 you free tonight? just us 😏   ,Yes
i’m trying to focus but you’re distracting me,Yes
   THANKS  FOR  JUMPING ON THAT QUICKLY   🙃,No
ngl i miss you 🥲,Yes
thanks   for the update,No
that’s a solid point 🥲,No
let me know once it’s fixed,No
you’ve got  good  energy in meetings 💀,No
bet  i’m trying to be chill but you’re making it hard   .. 🙏,Yes
idk thanks for the update ✅,No
   i feel really comfortable with you   ..,Yes
lol PLEASE CONFIRM THE ADDRESS 😏,No
lowkey CAN YOU SEND ME THE SLIDES LATER??! 😂,No
highkey Are You Available For A Quick Call? ✅,No
fr   if you were here you could help me move furniture   ,No
   what time is the meeting tomorrow?   ,No
please submit the form by friday,No
idk send me the file later pls… btw you looked really good today,Yes
let me know once it’s fixed 👀,No
   if you were here you could help me move furniture ?!,No
   I FEEL REALLY COMFORTABLE WITH YOU  ,Yes
 you handled that well ,No
kinda please confirm the address ✅,No
"i’m  trying   to be chill, work’s stressing me out 🙃",No
  what’s the status on the ticket?  👍,No
bruh APPRECIATE YOU HELPING OUT!,No
   i should sleep but i wanna keep talking to you ,Yes
   what’s the status on the ticket? ,No
can you send me the slides later?,No
i’m fine 😌 just thinking about you a bit 😏,Yes
You Always Message At The Right Time,Yes
  you’re funny lol   💀,No
THAT MADE MY DAY (THANKS FOR HELPING),No
that made my day (thanks for helping),No
CAN YOU SEND ME THE SLIDES LATER?,No
you’re really reliable,No
  I’LL LOOP YOU INTO THE EMAIL ,No
we should hang sometime with everyone,No
dinner? 1 on 1,Yes
you’re really reliable...,No
"I Like You. Like, Like You..",Yes
   what time is the meeting tomorrow?  ,No
ok serious question… when are we hanging out just us,Yes
    I FEEL REALLY COMFORTABLE WITH YOU  🙏,Yes
fr good  thinking??,No
 please confirm the address   ,No
THAT MADE MY DAY (THANKS FOR HELPING)?!,No
we should hang sometime with everyone,No
GREAT JOB TODAY,No
highkey i didn’t expect to enjoy this convo so much,Yes
ngl what time is the meeting tomorrow?,No
it’s nice talking to you,Yes
Please Submit The Form By Friday?!,No
don’t make me laugh in public 💀,No
you’ve got good energy in meetings 🙂,No
I Like Your Perspective On This,No
"i like you. like, like you",Yes
nah PLEASE SUBMIT THE FORM BY FRIDAY.. 🙃,No
i wish   you were here rn??,Yes
omg stoppp that’s hilarious,No
  YOU’RE REALLY RELIABLE ,No
what  time is the meeting tomorrow? 😂,No
   if you were here i’d be happier  💀,Yes
you’re different in a good way,Yes
don’t make me laugh in public 😭,No
 please submit the form by friday   ✨,No
don’t make me laugh in public,No
you’re funny lol,No
You Handled That Well,No
I’LL LOOP YOU INTO THE EMAIL 💀,No
you handled that well??,No
   you always message at the right time ,Yes
bet DINNER? 1 ON 1,Yes
   STOPPP YOU’RE MAKING ME SMILE  ..,Yes
great   job today,No
sooo I’LL LOOP YOU INTO THE EMAIL 💀,No
lmao what’s the status on the ticket??!,No
bruh  please submit the form by friday ?!,No
   what time is the meeting tomorrow? ,No
   Come Over If You Want 👀  ,Yes
sooo you handled that well,No
What’S  Your Eta? 🙂,No
what time is the meeting tomorrow? lowkey wanna grab coffee w you after,Yes
omg  you’re making this convo dangerously fun ,Yes
what time is the meeting tomorrow?,No
   can you send me the slides later?   ,No
your feedback  was really helpful,No
DINNER? 1 ON 1,Yes
what’s the status on the ticket?! 😭,No
WHAT’S YOUR ETA?,No
Don’T Make Me Catch Feelings,Yes
why you so cute tho.. 🙃,Yes
busy   tonight  but   if you’re free i can make time,Yes
   can you review this PR when you get a chance?  ,No
appreciate you helping out,No
ok serious question… when are we hanging out just us,Yes
LET ME KNOW ONCE IT’S FIXED,No
dinner? 1 on 1 🙃,Yes
tbh     WHAT TIME IS THE MEETING TOMORROW? LOWKEY WANNA GRAB COFFEE W YOU AFTER ,Yes
Movie   Night? Just  You + Me,Yes
nah You’Re Making This Convo Dangerously Fun 🙂,Yes
great job today,No
your feedback was  really helpful,No
"good discussion earlier, thanks.. 🙂",No
you’re trouble 😅,Yes
can you review this PR when you get a chance?,No
nice work   on   the presentation,No
   good thinking   ,No
Stoppp You’Re Making Me Smile,Yes
if you were here you could help me move furniture,No
thanks for jumping on that quickly,No
omg i’m  trying   to focus but you’re distracting me,Yes
"i like you. like, like you 😭",Yes
  if you were here i’d be happier   ✅,Yes
let me know once it’s fixed,No
send me the file later pls… btw you looked really good today 😏,Yes
i’ll loop you into the email,No
   let me   know once it’s fixed ,No
idk ok you’re kinda cute but whatever,Yes
thanks for jumping on that quickly! 🙃,No
omg stop being so attractive,Yes
i should sleep but i wanna keep talking to you,Yes
please submit the form by friday! 💀,No
i wish you were here rn,Yes
Movie Night? Just You + Me?? 👍,Yes
please  submit the form by friday,No
dinner?   1 on 1,Yes
movie night? just you + me,Yes
nah you  always message at the right time 😅,Yes
You’Re Making This Convo Dangerously Fun?? 🙏,Yes
CAN YOU SEND ME THE SLIDES LATER???,No
lmao movie night? just you + me,Yes
you always message at the right time 👍,Yes
what’s the status on the ticket?,No
  you free tonight? just us 😏 ,Yes
nice work on the presentation,No
I LIKE OUR TALKS 👀,Yes
you’ve got good energy in meetings,No
your feedback was really helpful,No
GOOD THINKING...,No
THAT’S A SOLID POINT,No
I’Ll Loop You Into The Email??,No
bet i’ll loop you into the email,No
WE  SHOULD HANG SOMETIME… JUST SAYING?? 🙂,Yes
 i’m trying to be chill but you’re making it hard   ,Yes
kinda IF YOU WERE HERE YOU COULD HELP ME MOVE FURNITURE,No
did you pay the bill yet?,No
what time is the meeting tomorrow? ✅,No
good thinking??,No
bet THANKS  FOR JUMPING   ON THAT QUICKLY 🙂,No
i’ll loop you into the email 🥲,No
nice work on the presentation?? 😏,No
lmao please confirm   the address...,No
fr let me know once it’s fixed,No
CAN YOU REVIEW THIS PR WHEN YOU GET A CHANCE?,No
   i’m   glad we talk like this   😏,Yes
lowkey    great job today ,No
   i’m trying to be chill but you’re making it hard   ,Yes
 i like your perspective on this    🙏,No
please   confirm  the address,No
Can You Review This Pr When You Get A Chance?,No
you’re really reliable,No
  busy tonight but if you’re free i can make time  ✨,Yes
that made my day (thanks for helping),No
   i’m trying to be chill but you’re making it hard    🙏,Yes
stop  being   so attractive,Yes
i’ll loop you into the email,No
fr You’Re Really Reliable,No
you always message at the right time 💀,Yes
lmao your feedback was really helpful.. 🙂,No
come over if you want 👀,Yes
Dinner? 1 On 1,Yes
"i’m not flirting, i’m just being nice?! 🙂",No
ngl    what time is the meeting tomorrow? ,No
   What’S The Status On The Ticket?  ,No
   busy tonight but if you’re free i can make time ,Yes
i like your perspective on this,No
dinner? 1 on 1??,Yes
WHAT’S YOUR ETA?,No
   this is random but i’m happy we’re talking ..,Yes
appreciate you helping out 🥲,No
can you review this PR when you get a chance?,No
tbh you’ve got   good energy in meetings,No
your feedback was really helpful,No
sooo let me know once it’s fixed,No
bet I Keep Thinking About You Lol 🙂,Yes
  can you send me the slides later?   ✅,No
  stoppp that’s hilarious   ,No
you handled that well,No
you’re easy to work with ✅,No
DON’T   MAKE ME LAUGH IN PUBLIC 💀,No
bruh nice work on the presentation,No
can you send me the slides later?! 😭,No
  what’s the status on the ticket? ,No
   if you were here you could help me move furniture ,No
   what  time is the meeting tomorrow? lowkey wanna grab coffee w you after ,Yes
bet   I’M Not Flirting… But   ,Yes
BUSY TONIGHT BUT IF YOU’RE FREE I CAN MAKE TIME,Yes
you’re making this convo dangerously fun,Yes
I Should Sleep But I Wanna Keep Talking To You 😭,Yes
You Always Message At The Right Time 😂,Yes
  appreciate you helping out  💀,No
nice work on the presentation,No
let me know once it’s fixed ✨,No
lmao  i wish you were here rn    😂,Yes
 please submit the form by friday ...,No
bet come over if you want 👀,Yes
NGL   I MISS   YOU...,Yes
did you finish the report? also i kinda miss talking to you,Yes
i’m fine 😌 just thinking about you a bit,Yes
stop being so attractive,Yes
"thanks for helping earlier, i owe you dinner sometime 😏",Yes
come over if you want 👀,Yes
sooo appreciate you helping out...,No
you handled that well..,No
i’m glad we talk like this.. 😌,Yes
   we should hang sometime with everyone ,No
" thanks for helping earlier, i owe you dinner sometime 😏  ?!",Yes
   what’s your ETA? .. 😅,No
sooo I   FEEL   REALLY COMFORTABLE WITH YOU??,Yes
   GOOD THINKING   .. 🥲,No
I’M Glad We Talk Like This,Yes
"I LIKE YOU. LIKE, LIKE YOU 👀",Yes
movie night? just you + me 😅,Yes
bruh you explain things clearly,No
stop being so attractive,Yes
lol    DID YOU PAY THE BILL YET?  ,No
I’M Glad We Talk Like This 😏,Yes
 can you send me the slides later?    ✅,No
  please confirm the address  ,No
it’s nice talking to you,Yes
good thinking 🙃,No
 WHAT’S THE STATUS ON THE TICKET?   ,No
YOU HANDLED THAT WELL,No
bet Can You   Review This Pr When You Get A Chance?,No
   what’s the status on the ticket?   ... 💀,No
sooo I Didn’T Expect To Enjoy This Convo So Much 😅,Yes
are you available for a quick call? 😭,No
appreciate you helping out,No
     stoppp that’s hilarious   ,No
BUSY TONIGHT BUT IF YOU’RE FREE I CAN MAKE TIME! 🤝,Yes
kinda CAN YOU REVIEW THIS PR WHEN YOU GET A CHANCE?...,No
what’s the status on the ticket?,No
you’re really reliable,No
if you were here i’d be happier 🙃,Yes
ARE YOU AVAILABLE FOR A QUICK CALL?,No
lowkey you handled that well,No
You’Re Making This Convo Dangerously Fun...,Yes
ngl if you were here i’d be happier,Yes
 You’Re A Good Teammate  ,No
 we should hang sometime with everyone  ??,No
why you so cute tho,Yes
if you were here you could help me move furniture...,No
idk WHAT TIME IS THE MEETING TOMORROW? LOWKEY WANNA GRAB COFFEE W YOU AFTER?!,Yes
ngl WHY YOU SO CUTE THO 😅,Yes
lmao    what time is the meeting tomorrow? lowkey wanna grab coffee w you after ,Yes
   I’Ll   Loop You Into The Email   🙃,No
come over if you want 👀,Yes
I’Ll Loop You Into The Email,No
highkey   dinner? 1 on 1   👍,No
ngl i miss you,Yes
i’m trying to focus but you’re distracting me,Yes
please confirm the address,No
I’Ll Loop  You Into The Email,No
thanks for jumping on that quickly?? ✅,No
i like your perspective on this,No
DID YOU FINISH THE REPORT? ALSO I KINDA MISS TALKING TO YOU,Yes
WHAT’S THE   STATUS ON THE TICKET?,No
fr that made my day (thanks for helping)??,No
Movie Night? Just You + Me,Yes
kinda WHAT TIME IS THE MEETING TOMORROW? 💀,No
STOP  BEING SO ATTRACTIVE,Yes
bet we should hang sometime… just saying,Yes
fr please submit the form by friday,No
CAN YOU SEND ME THE SLIDES LATER? ✅,No
WHY   YOU   SO CUTE THO,Yes
"bruh good discussion earlier, thanks 🤝",No
Are You Available For A Quick Call?,No
great job today,No
  you’ve got good energy in meetings   ,No
WHAT  TIME   IS THE MEETING TOMORROW? 😭,No
I KEEP THINKING ABOUT YOU LOL??,Yes
GOOD THINKING,No
fr    what time is the meeting tomorrow? lowkey wanna grab coffee w you after  ,Yes
please submit the form by friday,No
tbh let me know once it’s fixed,No
"thanks for helping earlier, i owe you dinner sometime 😏",Yes
fr  did you finish the report? also i kinda miss talking to you   😭,Yes
i’m trying to focus but you’re distracting me 😏,Yes
stoppp that’s hilarious 👍,No
you’re a good teammate,No
why you so cute tho?! ✨,Yes
fr dinner? 1 on 1 ✅,Yes
   i   like our talks   🙏,Yes
What’S The Status On The Ticket???,No
Come Over If You Want 👀,Yes
thanks for the update?? 🤝,No
You’Re Easy To Work With 🙂,No
I Like Our Talks 😭,Yes
i like your perspective on this 🙂,No
what time is the meeting tomorrow??!,No
idk I LIKE OUR TALKS,Yes
you’ve got good energy in meetings,No
"good  discussion earlier, thanks 😌",No
highkey we should hang sometime with everyone?? 😭,No
let me know once it’s fixed 😂,No
   STOP BEING SO ATTRACTIVE    ✅,Yes
   THANKS FOR THE UPDATE   ,No
ok serious question… when are we hanging out just us 👍,Yes
i like your perspective on this,No
  Good Thinking   ...,No
YOU’VE   GOT GOOD ENERGY IN MEETINGS,No
   Don’T Make Me Laugh In Public   👍,No
  YOU’RE FUNNY LOL ,No
can you send me the slides later?,No
lowkey i’ll   loop you   into the email,No
i  should   sleep   but i wanna keep talking to you,Yes
nice work on the presentation,No
STOP BEING SO ATTRACTIVE,Yes
lowkey movie night? just you + me,Yes
" I’M Not Flirting, I’M Just Being Nice   ",No
are you available for a quick call?! ✅,No
i wish you were here rn 😅,Yes
send me the file later pls… btw you looked really good today,Yes
Are You Available For A Quick Call?,No
highkey dinner? 1 on 1!,Yes
i’m fine 😌 just thinking about you a bit,Yes
i keep thinking about you lol,Yes
ngl  let me know once it’s fixed ,No
stoppp you’re making me smile,Yes
can you send me the slides later? 😏,No
 please confirm the address ,No
"lmao i’m trying  to be chill, work’s stressing me out.. 🙏",No
sooo   your feedback was really helpful   ,No
 That Made My Day (Thanks For Helping)   ,No
  movie night? just you + me ,Yes
 Don’T Make Me Catch Feelings   ,Yes
busy  tonight  but if you’re free i can make time 😌,Yes
nice work on the presentation 😏,No
      good thinking   ... 🤝,No
please submit the form by friday,No
   are you available for a quick call?  😭,No
   You Handled That Well   😂,No
kinda that’s a solid point 😅,No
THIS   IS RANDOM BUT I’M HAPPY WE’RE TALKING 🙂,Yes
 stop being so attractive   🙏,Yes
"bet i’m not flirting, i’m just being nice",No
  are you available for a quick call?  !,No
appreciate you helping out,No
"good discussion earlier, thanks 👍",No
  i’m not flirting… but   ,Yes
you’re   easy   to   work with,No
highkey    what’s your ETA? ,No
 What’S The Status On The Ticket? ,No
thanks   for   jumping on that quickly!,No
Can   You   Review  This Pr When You Get A Chance?,No
come over if you want 👀..,Yes
ok serious question… when are we hanging out just us 😂,Yes
 you handled that well   ?? 😌,No
DINNER? 1 ON 1 😏,Yes
i keep thinking about you lol,Yes
appreciate you helping out,No
that made my day (thanks for helping),No
what’s your ETA?,No
  you’re trouble 😅   ,Yes
"i’m not flirting, i’m just being nice 😭",No
bruh you’re making this convo dangerously fun 😂,Yes
your feedback was really helpful?!,No
you’ve got good energy in meetings,No
i like our talks 😌,Yes
"tbh   I LIKE YOU. LIKE, LIKE YOU    ✨",Yes
you’re making this convo dangerously fun,Yes
if you were here you could help me move furniture 😌,No
appreciate you helping out,No
You  Make My Day Feel Lighter,Yes
you free tonight? just us 😏,Yes
please submit  the  form by friday 😏,No
your feedback was really helpful,No
    movie night? just you + me   🤝,Yes
can you  review   this PR when you get a chance?,No
bruh you’re easy to work with 😅,No
   NICE WORK ON THE PRESENTATION   👍,No
bruh    don’t make me laugh in public ,No
sooo   GREAT JOB TODAY  ,No
   don’t make me laugh in public   ,No
YOUR FEEDBACK WAS REALLY HELPFUL,No
come over if you want 👀 😂,Yes
i’ll loop you into the email,No
sooo    can you review this PR when you get a chance? !,No
did you pay the bill yet?,No
send me the file later pls… btw you looked really good today 👀,Yes
lol    i wish you were here rn   ,Yes
   you’re a good teammate ,No
     you’re trouble 😅  ,Yes
Stop Being So Attractive,Yes
Ok You’Re Kinda Cute But Whatever ✅,Yes
omg THANKS FOR JUMPING ON THAT QUICKLY,No
i should sleep but i wanna keep talking to you 😏,Yes
That Made My Day (Thanks For Helping),No
ngl you’re a good teammate 🙏,No
highkey   did you pay the bill yet?  ,No
ngl  please confirm the address   ,No
   You Handled That Well   ... 👍,No
THIS IS RANDOM BUT I’M HAPPY WE’RE TALKING,Yes
great job today,No
   can you send me the slides later?   🤝,No
sooo did  you pay the bill yet?,No
send me the file later pls… btw you looked really good today,Yes
idk why you so cute tho..,Yes
i should sleep but i wanna keep talking to you,Yes
"good discussion earlier, thanks",No
You’Re Making This Convo Dangerously Fun,Yes
i like your perspective on this,No
We   Should Hang Sometime With Everyone,No
  what time is the meeting tomorrow?  ,No
you   make  my day feel lighter,Yes
sooo i  feel  really comfortable with you 🙏,Yes
i should sleep but i wanna keep talking to you..,Yes
  COME OVER IF YOU WANT 👀 ,Yes
"thanks for helping earlier, i owe you dinner sometime 😏",Yes
you’ve got good energy in meetings,No
 movie night?   just you + me ,Yes
idk SEND ME THE FILE LATER PLS… BTW YOU LOOKED REALLY GOOD TODAY,Yes
YOU HANDLED THAT WELL 🙂,No
you’re a good teammate,No
ngl i didn’t expect to enjoy this convo so much,Yes
   you’re making this convo dangerously fun  👍,Yes
thanks for jumping on that quickly,No
stop being so attractive,Yes
You Explain Things Clearly,No
I’M Glad We Talk Like This..,Yes
" i’m not flirting, i’m just being nice ",No
WE  SHOULD  HANG SOMETIME… JUST SAYING,Yes
you always message at the right time 😂,Yes
 can you review this PR when you get a chance?  ,No
   stoppp you’re making me smile ??,Yes
highkey    you’re really reliable  ,No
lowkey this is random but i’m happy we’re talking,Yes
 what’s the status on the ticket?  ,No
  This Is Random But I’M Happy We’Re Talking  😂,Yes
"I’M TRYING TO BE CHILL, WORK’S STRESSING ME OUT 💀",No
"lowkey i’m not flirting, i’m just being nice 💀",No
You Explain   Things Clearly,No
"i like you. like, like you 🙂",Yes
 I’M Glad We Talk Like This  ✅,Yes
kinda i’m trying to focus but you’re distracting me 🤝,Yes
can you review this PR when you get a chance? 🙏,No
sooo please submit the form by friday 🙂,No
let me know once it’s fixed,No
"i’m not flirting, i’m just being nice 😅",No
nah are you available for a quick call? 💀,No
stop being so attractive 😭,Yes
ngl   i’m glad we talk like this   🥲,Yes
    i should sleep but i wanna keep talking to you   ,Yes
bet   i’m  trying to focus but you’re distracting me  ,Yes
you’re making this convo dangerously fun 👍,Yes
stoppp  you’re making  me smile,Yes
sooo You Make My Day Feel Lighter,Yes
what time is the meeting tomorrow? lowkey wanna grab coffee w you after,Yes
u free tnite? just us 😏,
lmao what’s the status on the ticket? 😏,No
are you available for a quick call?,No
nah can   you   review this PR when you get a chance?,No
bruh appreciate you helping out 💀,No
what’s  your ETA? 👀,No
i’m glad we talk like this,Yes
you’re making this convo dangerously fun,Yes
fr you’re making this convo dangerously fun 😭,Yes
   don’t make me laugh in public  ,No
  can you review this PR when you get a chance?   ,No
CAN YOU REVIEW THIS PR WHEN YOU GET A CHANCE? 🤝,No
thanks  for  jumping on that quickly,No
lmao thanks for jumping on that quickly,No
appreciate   you  helping  out 👀,No
did you finish the report? also i kinda miss talking to you,Yes
lowkey  dinner? 1 on 1   😅,Yes
APPRECIATE   YOU HELPING   OUT,No
You Free Tonight? Just Us 😏,Yes
  stoppp that’s hilarious ,No
I Should Sleep But I Wanna Keep Talking To You??,Yes
i keep thinking about you lol 😂,Yes
nah Stoppp That’S Hilarious,No
it’s nice talking to you!,Yes
Nice Work On The Presentation,No
you handled that well??,No
you’re  easy to work with?? 🤝,No
You’Re Really Reliable,No
 are you available for a quick call?  😅,No
  you’re kinda becoming my favourite notification ... 😏,Yes
highkey  I’M Glad We Talk Like This   ,Yes
movie  night? just you + me?!,Yes
nah send me the file later pls… btw you looked really good today,Yes
did you pay the bill yet? 🙏,No
I’M FINE 😌 JUST THINKING ABOUT YOU A BIT,Yes
sooo    you’re a good teammate ,No
can you send me the slides later?,No
You Make My Day Feel Lighter..,Yes
i’m not flirting… but?! 🙃,Yes
are you available for a quick call?...,No
omg you’re funny lol ✅,No
you handled that well...,No
let me know once it’s fixed,No
If You   Were Here I’D Be Happier 😏,Yes
you always message at the right time,Yes
sooo let me know once it’s fixed 😂,No
you’re funny lol 😂,No
   you’re really reliable  💀,No
Stoppp You’Re Making Me Smile! ✨,Yes
highkey   what time is the meeting tomorrow? ,No
bruh you explain things clearly,No
i’ll loop you into the email,No
kinda YOU   ALWAYS MESSAGE AT THE RIGHT TIME,Yes
ok you’re kinda cute but whatever,Yes
  I LIKE YOUR PERSPECTIVE ON THIS ??,No
we should hang sometime with everyone,No
lol Great Job  Today,No
please confirm the address,No
I’M TRYING TO FOCUS BUT YOU’RE DISTRACTING ME 🤝,Yes
you handled that well,No
great job today,No
can you  review this PR when you get a chance?,No
i should sleep but i wanna keep talking to you,Yes
THANKS FOR THE UPDATE 😏,No
idk    stop being so attractive  ,Yes
   ok serious question… when are we hanging out just us   😏,Yes
sooo you’re kinda becoming my favourite notification,Yes
lmao YOU’RE FUNNY LOL 😅,No
you’re different in a good way,Yes
YOU’VE GOT GOOD ENERGY IN MEETINGS 👀,No
highkey if you were here you could help me move furniture,No
kinda I’Ll Loop You Into The Email,No
you handled that well 🙂,No
YOU ALWAYS MESSAGE AT THE RIGHT TIME,Yes
i like our talks 👀,Yes
highkey  thanks for the update    ✅,No
omg You’Re Different In A Good Way??,Yes
  what’s your ETA?  ,No
i didn’t expect to enjoy this convo so much?!,Yes
nah appreciate you helping  out,No
ok you’re kinda cute but whatever,Yes
you handled that well,No
 your feedback was really helpful  🤝,No
lowkey you’re a good teammate,No
lmao you’re a good teammate,No
we  should hang   sometime with everyone,No
sooo    good thinking   😂,No
send me the file later pls… btw you looked really good today 🥲,Yes
fr i   keep   thinking  about you lol 🙃,Yes
"kinda        I’M TRYING TO BE CHILL, WORK’S STRESSING ME OUT ",No
   you’re making this convo dangerously fun   ,Yes
tbh i like your perspective on this 🙂,No
"thanks for helping earlier, i owe you dinner sometime 😏?? 👀",Yes
if you were   here you could help me move furniture 🙏,No
ngl     can you review this PR when you get a chance?  ,No
  you free tonight? just us 😏 ,Yes
"fr i like you. like, like you",Yes
stoppp that’s hilarious,No
lmao please   confirm the address,No
Movie Night? Just You + Me,Yes
     you’ve got good energy in meetings   ,No
i’ll loop you into the email..,No
idk you’ve got good energy in meetings...,No
if you were here you could help me move furniture 😂,No
NGL I MISS YOU,Yes
YOU’RE KINDA BECOMING MY FAVOURITE NOTIFICATION 🥲,Yes
omg good thinking?? 🥲,No
WHAT TIME IS THE MEETING TOMORROW?,No
ok serious question… when are we hanging out just us,Yes
are you available for a quick call?,No
  i didn’t expect to enjoy this convo so much    💀,Yes
fr  WHAT TIME IS THE MEETING TOMORROW?  ??,No
i’m   fine 😌  just thinking about you a bit!,Yes
ngl Thanks For Jumping On That Quickly,No
lowkey  if you were here you could help me move furniture ?! 😏,No
can you review this PR when you get a chance?,No
i’m not flirting… but... ✅,Yes
lmao ngl i miss you,Yes
appreciate you helping out??,No
please submit the form by friday 😌,No
that’s a solid point,No
please submit the form by friday,No
great job today 😅,No
highkey i should sleep but i wanna keep talking to you 💀,Yes
lowkey OK YOU’RE KINDA CUTE BUT WHATEVER,Yes
 i like our talks   😂,Yes
Great Job Today,No
Please Submit The Form By Friday,No
  you’ve got good energy in meetings ,No
bet did  you pay the bill yet?,No
fr   CAN YOU SEND ME THE SLIDES LATER? .. 👀,No
what time is the meeting tomorrow? lowkey wanna grab coffee w you after,Yes
sooo Your Feedback Was Really Helpful?! 🥲,No
you explain things clearly?!,No
  If You Were Here You Could Help Me Move Furniture .. 😭,No
"THANKS FOR HELPING EARLIER, I OWE YOU DINNER SOMETIME 😏",Yes
 YOU FREE TONIGHT? JUST US 😏  ! 😅,Yes
thanks for jumping on that quickly,No
   i’m not flirting… but   ,Yes
stoppp you’re making me smile,Yes
ok serious question… when are we hanging out just us,Yes
ngl that’s a solid point 🙃,No
I’M FINE 😌 JUST THINKING ABOUT YOU A BIT,Yes
lmao  i wish you were here rn   ,Yes
ngl i   keep thinking about you lol 🙂,Yes
   you’re really reliable    🙂,No
    if you were here i’d be happier ,Yes
GREAT JOB TODAY,No
are you available for a quick call? 👍,No
don’t make me laugh in public?!,No
movie night? just you + me 😌,Yes
you explain things clearly,No
don’t make me laugh in public,No
kinda please  confirm   the address 👍,No
i should sleep but i wanna keep talking to you 👀,Yes
LET ME KNOW ONCE IT’S FIXED..,No
you’re really reliable,No
"good discussion earlier, thanks",No
 you’re trouble 😅 ,Yes
I Keep Thinking About You Lol,Yes
 what time is the meeting tomorrow?  ??,No
   i wish you were here rn ,Yes
it’s nice talking to you!,Yes
I Feel Really Comfortable With You ✅,Yes
bruh stoppp you’re making me smile 😭,Yes
stoppp that’s hilarious..,No
"I’M NOT FLIRTING, I’M JUST BEING NICE",No
"Good Discussion Earlier, Thanks?!",No
stoppp that’s hilarious,No
lowkey If You Were Here I’D Be Happier 😏,Yes
I’LL  LOOP YOU INTO THE EMAIL,No
YOU EXPLAIN THINGS CLEARLY 👍,No
appreciate you helping out 😭,No
omg  are you available for a quick call?  ,No
i’m fine 😌 just thinking about you a bit,Yes
can you send me the slides later?,No
did you finish the report? also i kinda miss talking to you 😌,Yes
bruh Busy Tonight But If You’Re Free I Can Make Time,Yes
 THANKS FOR THE UPDATE  ??,No
omg thanks   for the update,No
movie night? just you + me,Yes
THAT’S A SOLID POINT,No
"   good discussion earlier, thanks ?!",No
you’re making this convo dangerously fun 😂,Yes
you make my day feel lighter,Yes
you’re making this convo dangerously fun 😅,Yes
 your feedback was really helpful    😂,No
if you were here you could help me move furniture,No
Don’T Make Me Laugh In Public,No
you explain things clearly..,No
you handled that well?? 🙃,No
thanks  for  jumping on that quickly 😌,No
lowkey your feedback was really helpful,No
 That Made My Day (Thanks For Helping)   ,Yes
omg   are you available for a quick call?  ,No
please  confirm   the address,No
   please confirm the address ,No
THANKS FOR THE UPDATE,No
Dinner? 1 On 1,Yes
stoppp that’s hilarious,No
THANKS  FOR  JUMPING ON THAT QUICKLY,No
 I Feel Really Comfortable With You .. 😌,Yes
fr  Don’T Make Me Catch Feelings  🙏,Yes
 what time is the meeting tomorrow? lowkey wanna grab coffee w you after  ,Yes
WHAT TIME IS THE MEETING TOMORROW?,No
what’s the status on the ticket? ✅,No
what’s the status on the ticket?..,No
Are You Available For A Quick Call? 😌,No
you handled that well,No
omg i feel really comfortable with you,Yes
"i’m trying to be chill, work’s stressing me out",No
appreciate you helping out 😌,No
ok   serious question…  when are we hanging out just us,Yes
lowkey let me know once it’s fixed 💀,No
WHAT TIME IS THE MEETING TOMORROW??!,No
send   me the   file later pls… btw you looked really good today,Yes
good thinking.. 🙃,No
You Make My Day Feel Lighter 🙏,Yes
fr    we should hang sometime with everyone   ... ✨,No
lmao appreciate you helping out 😂,No
 nice work on the presentation  😏,No
stoppp  that’s hilarious,No
i should sleep but i wanna keep talking to you,Yes
omg What’S  The  Status On The Ticket? 🙂,No
    stop being so attractive  ,Yes
appreciate you helping out 😂,No
"i’m not flirting, i’m just being nice..",No
you’re easy to work with..,No
     You’Re Really Reliable  🙃,No
"thanks for helping earlier, i owe you dinner sometime 😏",Yes
you’re trouble 😅,Yes
  i should sleep but i wanna keep talking to you    ✅,Yes
YOU’RE DIFFERENT IN A GOOD WAY 🤝,Yes
bruh You’Ve Got Good Energy In Meetings?!,No
lmao i’m trying to  focus but you’re distracting me 💀,Yes
you’re easy to work with!,No
stop   being so attractive 😅,Yes
I SHOULD SLEEP BUT I WANNA KEEP TALKING TO YOU,Yes
THIS IS RANDOM BUT I’M HAPPY WE’RE TALKING 🙃,Yes
this is random   but i’m happy we’re talking 🤝,Yes
 nice work on the presentation  ,No
sooo you’re making this convo dangerously fun,Yes
i’m trying  to focus but you’re distracting me 👀,Yes
you explain things clearly...,No
thanks for the update,No
bet what time is the meeting tomorrow? lowkey wanna grab coffee w you after 👍,Yes
DID YOU PAY THE BILL YET?,No
that made my day (thanks for helping)?!,No
   I’M Glad We Talk Like This  😂,Yes
   nice   work  on the presentation    👀,No
"   i’m not flirting, i’m just being nice  ",No
 why you so cute tho    😭,Yes
WHAT TIME IS THE MEETING TOMORROW? LOWKEY WANNA GRAB COFFEE W YOU AFTER...,Yes
if you were here you could help me move furniture,No
lol thanks for the update 😭,No
you   make  my   day feel lighter ✅,Yes
Please Submit The Form By Friday,No
ngl i should sleep but i wanna keep talking to you 💀,Yes
   why you so cute tho ,Yes
"Thanks For Helping Earlier, I Owe You Dinner Sometime 😏 😭",Yes
"i’m trying to be chill, work’s stressing me out",No
"i’m not flirting, i’m just being nice",No
 we should hang sometime with everyone  ,No
I Should Sleep But I Wanna Keep Talking To You,Yes
NGL I MISS YOU,Yes
stop being so attractive,Yes
sooo are you available for a quick call?,No
bet you’re a good teammate,No
GREAT JOB TODAY ✅,No
YOU’VE GOT GOOD ENERGY IN MEETINGS 😌,No
i keep thinking about you lol ✅,Yes
you’ve got good energy in meetings,No
don’t make me laugh in public 🙏,No
nah What Time Is The Meeting Tomorrow? Lowkey Wanna Grab Coffee W You After... 🙏,Yes
fr what time is the meeting tomorrow? lowkey wanna grab coffee w you after,Yes
 i’m fine 😌 just thinking about you a bit    🤝,Yes
YOU MAKE MY DAY FEEL LIGHTER 🤝,Yes
you’re different in a good way 😏,Yes
fr   why you so cute tho   ,Yes
  you explain things clearly ...,No
kinda i’m not flirting… but,Yes
omg THANKS FOR JUMPING ON THAT QUICKLY,No
  i’ll loop you into the email  ,No
that’s a solid point,No
 you’re funny lol    😌,No
What’S Your  Eta?,No
"bet   GOOD DISCUSSION EARLIER, THANKS ??",No
  i like our talks ?? 💀,Yes
i should sleep but i wanna keep talking to you,Yes
idk     did you finish the report? also i kinda miss talking to you ..,Yes
what’s your ETA??? 👀,No
   PLEASE CONFIRM THE ADDRESS  ?! 🙂,No
you handled that well 😏,No
PLEASE   SUBMIT   THE  FORM BY FRIDAY,No
can you send me the slides later? 👀,No
Please Confirm The Address,No
you’re kinda becoming my favourite notification,Yes
sooo appreciate you helping out,No
"Thanks For Helping Earlier, I Owe You Dinner Sometime 😏",Yes
tbh ngl i miss you 🙏,Yes
I SHOULD SLEEP BUT I WANNA KEEP TALKING TO YOU,Yes
Did You Pay The Bill Yet?,No
"good discussion earlier, thanks",No
WHAT TIME IS THE MEETING TOMORROW??? 👀,No
YOU’RE MAKING THIS CONVO DANGEROUSLY FUN,Yes
 nice work on the presentation ,No
  You’Re Different In A Good Way  ...,Yes
you’re kinda becoming my favourite notification! 👀,Yes
what’s the status on the ticket?... 🤝,No
i’ll loop you into the email 🤝,No
"thanks   for   helping  earlier, i owe you dinner sometime 😏",Yes
bet   i’ll loop you into the email  ,No
stop being so attractive,Yes
lmao LET ME KNOW ONCE IT’S FIXED 🙃,No
please confirm the address,No
fr I WISH YOU WERE HERE RN 😌,Yes
  I’M Trying To Focus But You’Re Distracting Me  😂,Yes
lowkey movie night? just you + me,Yes
You’Re Really Reliable,No
STOPPP THAT’S HILARIOUS?! ✅,No
fr i like your perspective on this,No
what time is the meeting tomorrow? lowkey wanna grab coffee w you after,Yes
       please confirm the address    🙂,No
"thanks for helping earlier, i owe you dinner sometime 😏..",Yes
nah can you review this PR when you get a chance?,No
Let Me Know Once It’S Fixed 😅,No
bruh did you finish the report? also i kinda miss talking to you,Yes
you explain things clearly 😌,No
      LET ME KNOW ONCE IT’S FIXED   ,No
kinda Stoppp That’S Hilarious 😌,No
APPRECIATE YOU HELPING OUT,No
i like your perspective on this?? 😂,No
ngl i miss you,Yes
you handled that well,No
Nice   Work On The Presentation??,No
"thanks for helping earlier, i owe you dinner sometime 😏...",Yes
tbh  ok you’re kinda cute but whatever ,Yes
ARE YOU AVAILABLE FOR A QUICK CALL?,No
lol you free tonight? just us 😏,Yes
kinda you’re easy to work with 😂,No
  please confirm the address  ,No
you explain things clearly 🙃,No
You Handled That Well 🙂,No
you’re making this convo dangerously fun?! 🙏,Yes
highkey GOOD THINKING,No
"I’M NOT FLIRTING, I’M JUST BEING NICE",No
i  feel really comfortable with you,Yes
you’re  making this   convo dangerously fun,Yes
we should hang sometime with everyone,No
bet    please submit the form by friday  ?!,No
highkey  WHAT’S THE STATUS ON THE TICKET? ?! 🥲,No
nah    can you send me the slides later?  ,No
  YOU FREE TONIGHT? JUST US 😏 !,Yes
You’Re Easy To Work With 🙏,No
"good discussion earlier,  thanks",No
fr Stop Being So Attractive 😂,No
WHAT’S   THE STATUS  ON THE TICKET?,No
bet your feedback was really helpful...,No
ngl  ok serious question… when are we hanging out just us    👀,Yes
"bet    I’M Not Flirting, I’M Just Being Nice  ✨",Yes
I Wish You Were Here Rn,Yes
I Didn’T Expect To Enjoy This Convo So Much...,Yes
i’m fine 😌 just thinking about you a bit,Yes
idk i should sleep but i wanna keep talking to you...,Yes
tbh you’re funny lol,No
you’re making this convo dangerously fun,Yes
"i like  you. like, like you",Yes
You Free Tonight? Just Us 😏,Yes
lowkey what’s the status on the ticket?,No
that made my day (thanks for helping) 🤝,No
stoppp that’s   hilarious 🙏,No
nah You   Always Message At The Right Time 👍,Yes
if you were here you could help me move furniture 💀,No
lowkey    IF   YOU WERE HERE YOU COULD HELP ME MOVE FURNITURE  ! 😅,No
Let Me Know Once It’S Fixed! 🙂,No
i like your perspective on this 🙃,No
tbh you’re different in a good way ✨,Yes
let me know once it’s fixed,No
  please confirm the address  💀,No
this is random but i’m happy we’re talking,Yes
 you’re easy to work with  ,No
i keep thinking about you lol ✅,Yes
highkey we should hang sometime with everyone,No
omg you’re easy to work with,No
  ok you’re kinda cute but whatever ,No
DID YOU FINISH THE REPORT? ALSO I KINDA MISS TALKING TO YOU 👀,Yes
"i’m not flirting, i’m just being nice",No
  I Should Sleep But I Wanna Keep Talking To You    😅,Yes
    if you were here you could help me move furniture   ✅,No
appreciate you helping out,No
  that made my day (thanks for helping)  ,No
IF YOU WERE HERE I’D BE HAPPIER! 🤝,Yes
   i’m trying to focus but you’re distracting me  ... 🙃,Yes
appreciate you helping out 🤝,No
sooo What’S Your Eta? ✨,No
Send Me The File Later Pls… Btw You Looked Really Good Today,Yes
  nice work on the presentation  ?!,No
Ngl I Miss You!,Yes
nah are you available for a quick call?,No
GOOD THINKING,No
 LET ME KNOW ONCE IT’S FIXED  ,No
what time is the meeting tomorrow?,No
,No
you  explain  things clearly?! 🤝,No
let me know once it’s fixed,No
PLEASE CONFIRM THE ADDRESS,No
please submit the form by friday,No
  i like your perspective on this  ,No
  busy tonight but if you’re free i can make time   ,Yes
you’re a good teammate 🙂,No
I Wish You Were Here Rn..,Yes
"thanks for  helping  earlier, i owe you dinner sometime 😏??",Yes
this is random but i’m happy we’re talking,No
you’re really reliable,No
"I’M Not Flirting, I’M Just Being Nice 😏",No
I’M TRYING TO FOCUS BUT YOU’RE DISTRACTING ME,Yes
don’t make me  laugh in public ✅,No
you always message at the right time,Yes
 THIS IS RANDOM BUT I’M HAPPY WE’RE TALKING ,Yes
i’m not flirting… but 😌,Yes
you’re funny lol,No
I’M   TRYING TO BE CHILL BUT YOU’RE MAKING IT HARD 🤝,Yes
"i’m trying to be chill, work’s stressing me out",No
I Feel Really Comfortable With You,Yes
ngl that made my day (thanks for helping) 🥲,No
lowkey you’ve got good energy in meetings??,No
you’re trouble 😅 🙂,Yes
"   I LIKE YOU. LIKE, LIKE YOU  ",Yes
   i’ll loop you into the email   😏,No
what time is the meeting tomorrow? lowkey wanna grab coffee w you after??,Yes
good thinking 🥲,No
"lmao good discussion earlier, thanks",No
that made my day (thanks for helping),No
lol send me the file later pls… btw you looked really good today,Yes
omg let me know once it’s fixed,No
that’s a solid point,No
bruh Please Submit The Form By Friday,No
thanks for the update,No
   stop being so attractive ,Yes
     stoppp that’s hilarious  🤝,No
tbh   can you review this PR when you get a chance?  ,No
sooo your feedback was really helpful,No
idk   that’s a solid point ,No
Dinner? 1 On 1??,Yes
ngl   i  miss you,Yes
we should hang sometime… just saying,Yes
lmao    if   you were here i’d be happier  ... 😂,Yes
Stoppp You’Re Making Me Smile,Yes
i   should   sleep but i wanna keep talking to you 😂,Yes
DID YOU FINISH THE REPORT? ALSO I KINDA MISS TALKING TO YOU,Yes
thanks for the update,No
nice work on the presentation,No
let   me know once it’s fixed,No
did you pay the bill yet? 👍,No
  dinner?   1  on 1    😂,Yes
i feel really comfortable with you,Yes
are you available for a quick call? 🤝,No
idk you’re easy to work with 🙏,No
idk CAN YOU REVIEW THIS PR WHEN YOU GET A CHANCE? 👀,No
you explain things clearly,No
you’re funny lol,No
did you pay the bill yet?,No
omg YOU’VE   GOT GOOD ENERGY IN MEETINGS,No
omg if you were here you could help me move furniture,No
THAT’S A SOLID POINT 🙏,No
i wish you were here rn 😌,Yes
lmao  you’re funny lol ,No
nah    can you review this PR when you get a chance?   ✅,No
nah it’s nice talking to you,Yes
  you’re a good teammate ,No
bruh can you send me the slides later?,No
 I’M Fine 😌 Just Thinking About You A Bit  ,Yes
 if you were here you could help me move furniture   👍,No
that made my day (thanks for helping) 😌,No
"bruh   thanks for helping earlier, i owe you dinner sometime 😏   ",Yes
What   Time Is The Meeting Tomorrow?,No
"   i’m not flirting, i’m just being nice  !",No
   Did You Pay The Bill Yet?   !,No
bruh   stop   being so attractive   ,Yes
Ok You’Re Kinda Cute But Whatever,Yes
Thanks   For Jumping On That Quickly...,No
you’re trouble 😅?!,Yes
I’Ll Loop You Into The Email 🙏,No
   did you pay the bill yet?   ,No
nah can you review this PR when you get a chance? 👀,No
thanks for the update??,No
did you finish the report? also i kinda miss talking to you 😅,Yes
I   LIKE YOUR PERSPECTIVE ON THIS..,No
can you send me the slides later?,No
what’s your ETA?,No
"highkey  i’m not flirting, i’m just being nice   ",No
tbh CAN YOU SEND ME THE SLIDES LATER?,No
you’ve   got good energy in meetings,No
lol ngl i miss you 💀,Yes
let me know once it’s fixed?!,No
 what time is the meeting tomorrow?   ,No
your feedback was really helpful! 🙃,No
fr Thanks For Jumping On That Quickly,No
YOU FREE TONIGHT? JUST US 😏,Yes
fr    if you were here i’d be happier  ,Yes
  Are  You Available For A Quick Call?  ,No
you’re kinda becoming my favourite notification,Yes
PLEASE SUBMIT THE FORM BY FRIDAY,No
that made my day (thanks for helping),No
  YOU’RE EASY TO WORK WITH ..,No
   good thinking    😅,No
kinda   what time is the meeting tomorrow? lowkey wanna grab coffee w you after  ,Yes
did you pay the bill yet?... 🙂,No
highkey great job today,No
   can you review this PR when you get a chance?    😂,No
thanks for jumping on that quickly,No
 movie night? just you + me ,Yes
  you’re different in a good way  ,Yes
You Explain Things Clearly 😅,No
"  thanks for helping earlier, i owe you dinner sometime 😏   ",Yes
let me know once it’s fixed 😅,No
nice work on the presentation..,No
   YOU’RE FUNNY LOL   ,No
tbh please submit the form by friday 🥲,No
you handled that well.. 🤝,No
kinda    Dinner?  1   On 1 ,Yes
"i’m trying to be chill, work’s stressing me out",No
thanks for jumping on that quickly,No
kinda can you send me the slides later?,No
stop being so attractive,Yes
what time is the meeting tomorrow? lowkey wanna grab coffee w you after,Yes
ngl i miss you,Yes
"I Like You. Like, Like You ✨",Yes
YOU’RE A GOOD TEAMMATE??,No
dinner?  1 on 1,Yes
you’ve got good   energy in meetings,No
I’M Trying To Focus But You’Re Distracting Me,Yes
idk  please submit the form by friday   🙏,No
omg  WE SHOULD HANG SOMETIME… JUST SAYING ,Yes
can  you   send  me the slides later?,No
   Can You Review This Pr When You Get A Chance?  ,No
"i’m not flirting, i’m just being nice",No
lol thanks for the update 😭,No
stoppp that’s hilarious,No
i didn’t expect to enjoy this convo so much!,Yes
are you available for a quick call?,No
" good discussion earlier, thanks !",No
bet did you pay the bill yet? 🤝,No
"bet i’m not flirting, i’m just being nice",No
  what time is the meeting tomorrow?  ,No
"Thanks For Helping Earlier, I Owe You Dinner Sometime 😏 👀",Yes
 if you were here i’d be happier  🙏,Yes
lol what’s the status on the ticket?,No
busy tonight but if you’re free i can make time,Yes
 YOU FREE TONIGHT? JUST US 😏  🙃,Yes
bruh DID YOU PAY THE BILL YET? 🙃,No
lowkey Send Me The File Later Pls… Btw You Looked Really Good Today,Yes
Don’T Make Me Laugh In Public,No
lol    nice work on the presentation   ,No
"i’m not flirting, i’m just being nice",No
If  You  Were Here I’D Be Happier.. 😭,Yes
that’s a solid point...,No
   Thanks For Jumping On That Quickly    💀,No
you’re  really reliable,No
 That Made My Day (Thanks For Helping)  ,No
You Always Message At The Right Time 😂,Yes
YOU’RE FUNNY LOL,No
 can   you   review this PR when you get a chance?  😭,No
You’Re Trouble 😅 😌,Yes
ngl Can You Review This Pr When You Get A Chance? ✨,No
idk i like our talks 👍,Yes
   you’re funny lol ?! 😂,No
   you’re easy to work with  🙏,No
don’t make me laugh in public,No
   i’m trying to be chill but you’re making it hard    💀,Yes
"sooo i’m trying to be chill, work’s stressing me out",No
i like your perspective on this?!,No
WHAT’S   THE STATUS ON THE TICKET? 🤝,No
send me the file later pls… btw you looked really good today 🙂,Yes
i should sleep but i wanna keep talking to you??,Yes
you’re kinda becoming my favourite notification 👀,Yes
"i’m  trying to be chill, work’s stressing me out 😏",No
idk   that made my day (thanks for helping)  ,No
lowkey i   wish you were here rn...,Yes
idk ok serious question… when are we hanging out just us 🙃,Yes
idk IF   YOU WERE HERE I’D BE HAPPIER.. 😂,Yes
tbh don’t make me catch feelings! 😏,Yes
ok serious question… when are we hanging out just us,Yes
  you explain things clearly  ,No
you’re kinda becoming my favourite notification,Yes
did you pay the bill yet?!,No
bet i’m trying to focus but you’re distracting me...,Yes
please  confirm the address,No
bruh can you send me the slides later?,No
You’Re Kinda Becoming My Favourite Notification,Yes
   stoppp you’re making me smile  🙃,Yes
  ok you’re kinda cute but whatever   ,Yes
 nice work on the presentation   👀,No
  WHAT’S THE STATUS ON THE TICKET? ,No
   you’ve got good energy in meetings ,No
i’m trying to be chill but you’re making it hard 🥲,Yes
you’re  a good  teammate..,No
 what time is the meeting tomorrow?   ,No
don’t make me catch feelings,Yes
Please Confirm The Address 👀,No
you’re different in a good way,Yes
we should hang sometime with everyone?!,No
idk    you’re  funny  lol ,No
"i’m not flirting, i’m just being nice?!",No
idk stoppp that’s hilarious,No
i’m not flirting… but,Yes
highkey you’re different in a good way,Yes
bet what time is  the meeting tomorrow? lowkey wanna grab coffee w you after 👀,Yes
are you available for a quick call? 😅,No
  thanks for jumping on that quickly  ,No
   don’t make me catch feelings  ,Yes
DID  YOU PAY THE BILL YET?,No
Please Submit The Form By Friday ✅,No
  did you pay the bill yet? ,No
what   time  is the meeting tomorrow?,No
I Like Your Perspective On This 😏,No
you explain things clearly,No
are   you  available   for a quick call?,No
you’re kinda becoming my favourite notification,Yes
what’s the status on the ticket?! 🤝,No
it’s nice talking to you 💀,Yes
bruh   what time is the meeting tomorrow? lowkey wanna grab coffee w you after  🙂,Yes
You’Re Really Reliable,No
bet let me know once it’s fixed,No
You Handled That Well,No
we should   hang   sometime with everyone,No
bet that’s a solid point 💀,No
i’ll loop you into the email,No
can you send me the slides later?,No
bruh Are You Available For A Quick Call?,No
dinner? 1 on 1!,Yes
lowkey  did you finish the report? also i kinda miss talking to you ,Yes
i’m trying to focus but you’re distracting me,Yes
highkey you handled that well 😅,No
YOUR FEEDBACK WAS REALLY HELPFUL,No
"thanks for helping earlier, i owe you dinner sometime 😏",Yes
  stoppp that’s hilarious    😭,No
lmao     don’t   make me laugh in public  🤝,No
if you were here i’d be happier,Yes
lmao   appreciate you helping out ,No
that made my day (thanks for helping) 👍,No
thanks for the update,No
kinda send me the file later pls… btw you looked really good today 😂,Yes
dinner?  1 on 1,Yes
NGL I MISS YOU?!,Yes
Good Thinking,No
did you finish the report? also i kinda miss talking to you,Yes
i wish you were here rn 💀,Yes
THAT’S A SOLID POINT,No
   STOPPP THAT’S HILARIOUS ?!,No
you explain things clearly,No
i’m fine 😌 just thinking about you a bit 😅,Yes
"i’m not flirting, i’m just being nice...",No
   please  submit the form by friday    😭,No
i’m trying to be chill but you’re making it hard,Yes
   LET ME KNOW ONCE IT’S FIXED ,No
"i’m  trying to be chill, work’s stressing me out...",No
what time is the meeting tomorrow? lowkey wanna grab coffee w you after 👀,Yes
I’M NOT FLIRTING… BUT?! 👀,Yes
you’ve got good energy in meetings,No
can   you   send me the slides later?,No
tbh YOU’RE EASY TO WORK WITH?! 💀,No
bet thanks for  the update 🙏,No
"   Thanks For Helping Earlier, I Owe You Dinner Sometime 😏   ",Yes
 WHAT’S YOUR ETA?  ,No
"tbh i’m trying to be chill, work’s stressing me out!",No
can you review this PR when you get a chance?,No
ok serious question… when are we hanging out just us 🙂,Yes
highkey NICE  WORK   ON THE PRESENTATION,No
fr you’ve got good energy in meetings 😂,No
kinda i   like   your perspective on this,No
 did you finish the report? also i kinda miss talking to you  ,Yes
please submit the form by friday,No
lol I   WISH   YOU WERE HERE RN.. 😂,Yes
      i’ll loop you into the email ,No
you’ve got good energy in meetings! 🙂,No
   i’ll loop you into the email   ,No
lowkey i like your perspective on this! 👍,No
nah    let me know once it’s fixed  ✨,No
idk that’s a solid point,No
What’S Your Eta?,No
highkey    Why You So Cute Tho ,Yes
thanks for the update,No
you free tonight? just us 😏 🤝,Yes
  did you pay the bill yet? ,No
movie night? just you + me,Yes
idk What’S The Status On The Ticket?,No
lol don’t make   me   catch feelings??,Yes
you’re different in a good way,Yes
you’re really reliable 💀,No
ok   you’re kinda cute but whatever,Yes
I’LL LOOP YOU INTO THE EMAIL 🙃,No
bruh Let  Me Know Once It’S Fixed 💀,No
lol i’m glad we talk like this,Yes
lowkey i didn’t expect to enjoy this convo so much,Yes
  CAN YOU REVIEW THIS PR WHEN YOU GET A CHANCE?    ✨,No
that  made   my day (thanks for helping),No
tbh  stoppp that’s hilarious   ,No
I KEEP THINKING ABOUT YOU LOL 😏,Yes
"i’m not flirting, i’m just being nice 👍",No
please submit the form by friday,No
this is random but i’m happy we’re talking 💀,Yes
you’re easy to work with 🙏,No
  i should sleep but i wanna keep talking to you  ,Yes
"I Like You. Like, Like You",Yes
THANKS FOR THE UPDATE 🥲,No
  i’m fine 😌 just thinking about you a bit  ,Yes
kinda   can you review this PR when you get a chance?  😏,No
"THANKS FOR HELPING EARLIER, I OWE YOU DINNER SOMETIME 😏",Yes
nah You Make My Day Feel Lighter 😌,Yes
bruh i’m trying to focus but you’re distracting me ✅,Yes
you  free   tonight?   just us 😏??,Yes
if you were here you could help me move furniture 🤝,No
   Your Feedback Was Really Helpful  ,No
lol we   should hang sometime with everyone,No
can you review this PR when you get a chance?,No
that made my day (thanks for helping)??,No
"fr THANKS FOR HELPING EARLIER, I OWE YOU DINNER SOMETIME 😏 🙂",Yes
i didn’t  expect  to enjoy this convo so much!,Yes
don’t make me laugh in public... 😌,No
lmao great job today 😭,No
DINNER? 1 ON 1,Yes
"good discussion earlier, thanks",No
omg busy   tonight but if you’re free i can make time,Yes
you’re funny lol 😅,No
bruh please  confirm  the address,No
   ok serious question… when are we hanging out just us  ,Yes
are you available for a quick call?,No
movie night? just you + me,Yes
lowkey    stop being so attractive ,Yes
you’re   trouble 😅,Yes
lowkey Good Thinking..,No
did you pay the bill yet? 😂,No
  BUSY TONIGHT BUT IF YOU’RE FREE I CAN MAKE TIME   ,Yes
you’re trouble 😅,Yes
stoppp that’s hilarious,No
tbh don’t make me laugh in public 👍,No
  you’re different in a good way ,Yes
thanks for the update 😅,No
Good Thinking,No
     busy tonight but if you’re free i can make time   🥲,Yes
omg    you handled that well ,No
you handled that well ✨,No
we   should hang sometime with everyone..,No
omg OK YOU’RE KINDA CUTE BUT WHATEVER!,Yes
        thanks for the update  ,No
appreciate you helping out,No
    what’s  your ETA?   ?? 🥲,No
kinda  Movie Night? Just You + Me   ,Yes
if you   were   here you could help me move furniture.. 🙃,No
DID YOU FINISH THE REPORT? ALSO I KINDA MISS TALKING TO YOU?!,Yes
Can You Send Me The Slides Later?...,No
omg nice work on the presentation..,No
you’re trouble 😅 🤝,Yes
appreciate you helping out,No
YOU’RE KINDA BECOMING MY FAVOURITE NOTIFICATION??,Yes
lowkey what’s your ETA?,No
bet this is random but i’m happy we’re talking 🙏,Yes
 great job today   😭,No
highkey   can you send me the slides later?   ,No
lol Nice Work On The Presentation,No
bet great job today,No
i’ll loop you into the email 👀,No
fr STOP BEING SO ATTRACTIVE,Yes
what’s the status on the ticket?! 🤝,No
   what   time is the meeting tomorrow?   .. 🤝,No
what   time   is the meeting tomorrow? lowkey wanna grab coffee w you after ✨,Yes
what’s the status on the ticket?...,No
i didn’t expect to enjoy this convo so much,Yes
nah CAN YOU SEND ME THE SLIDES LATER?,No
Thanks For Jumping On That Quickly,No
let me know once it’s fixed,No
     I SHOULD SLEEP BUT I WANNA KEEP TALKING TO YOU ,Yes
don’t   make   me laugh in public,No
   Thanks For Jumping On That Quickly    👀,No
you explain things clearly,No
i’m trying to be chill but you’re making it hard,Yes
lol that’s a solid point?!,No
THIS IS RANDOM BUT I’M HAPPY WE’RE TALKING,Yes
you’re funny lol,No
   please submit the form by friday   😅,No
i   should sleep but i wanna keep talking to you 🙃,Yes
   ,Yes
"good discussion earlier, thanks",No
   you explain things clearly    👀,No
"i like you. like, like you",Yes
Can You Send Me The Slides Later?,No
i’m trying to focus but you’re distracting me ✨,Yes
ngl    You’Re A Good Teammate  💀,No
you’re a good teammate,No
are you available for a quick call?,No
"  I’M Trying To Be Chill, Work’S Stressing Me Out   ?!",No
what’s the status on the ticket? 🙂,No
it’s nice talking to you...,Yes
highkey  dinner? 1 on 1   ,Yes
if you were here you could help me move furniture,No
I Like Your Perspective On This 😭,No
kinda what time is the meeting tomorrow? lowkey wanna grab coffee w you after,Yes
what’s   the  status on the ticket?,No
 stop being so attractive   ,Yes
  thanks for jumping on that quickly   😏,No
lmao why you so cute tho,Yes
   i feel really comfortable with you   ,Yes
    are you available for a quick call?   ,No
fr  I Should Sleep But I Wanna Keep Talking To You  💀,Yes
you make my day feel lighter...,Yes
can you send me the slides later?,No
your   feedback was   really helpful 👀,No
 appreciate you helping out  💀,No
stoppp you’re making me smile,Yes
please confirm the address,No
   i should sleep but i wanna keep talking to you ... 🙃,Yes
kinda YOU’RE A GOOD TEAMMATE,No
did  you   pay the bill yet? 🙂,No
I KEEP THINKING ABOUT YOU LOL! 🥲,Yes
kinda that made my day (thanks for helping),No
you handled that well,No
   your feedback was really helpful ,No
  you’re a good teammate  ✅,No
i’ll   loop you into the email?? 😂,No
i’m not flirting… but... 😭,Yes
"i like you. like, like you 😏",Yes
  you’re kinda becoming my favourite notification ,Yes
fr    movie night? just you + me   ,Yes
please submit the form by friday 👀,No
kinda stoppp you’re making me smile,Yes
YOU EXPLAIN THINGS CLEARLY,No
"i’m  trying   to   be chill, work’s stressing me out",No
I’M  TRYING TO FOCUS BUT YOU’RE DISTRACTING ME 😂,Yes
